#;UBIGEO;DEPARTAMENTO;PROVINCIA;DISTRITO;HOGARES AFILIADOS;HOGARES ABONADOS;MIEMBROS OBJETIVOS;TRANSFERENCIA
1;010102;AMAZONAS;CHACHAPOYAS;ASUNCION;25;20;41;4700
2;010103;AMAZONAS;CHACHAPOYAS;BALSAS;106;103;212;24900
3;010104;AMAZONAS;CHACHAPOYAS;CHETO;50;51;81;10400
4;010105;AMAZONAS;CHACHAPOYAS;CHILIQUIN;72;70;111;16300
5;010106;AMAZONAS;CHACHAPOYAS;CHUQUIBAMBA;220;207;440;42899.64
6;010107;AMAZONAS;CHACHAPOYAS;GRANADA;21;20;38;4000
7;010108;AMAZONAS;CHACHAPOYAS;HUANCAS;25;23;45;5000
8;010109;AMAZONAS;CHACHAPOYAS;LA JALCA;657;649;1413;138400
9;010110;AMAZONAS;CHACHAPOYAS;LEIMEBAMBA;324;315;605;66499.74
10;010111;AMAZONAS;CHACHAPOYAS;LEVANTO;74;56;125;11800
11;010112;AMAZONAS;CHACHAPOYAS;MAGDALENA;73;66;137;14000
12;010113;AMAZONAS;CHACHAPOYAS;MARISCAL CASTILLA;72;75;129;17100
13;010114;AMAZONAS;CHACHAPOYAS;MOLINOPAMPA;211;195;380;40500
14;010115;AMAZONAS;CHACHAPOYAS;MONTEVIDEO;36;37;76;7400
15;010116;AMAZONAS;CHACHAPOYAS;OLLEROS;33;37;47;7300
16;010117;AMAZONAS;CHACHAPOYAS;QUINJALCA;103;103;173;21400
17;010118;AMAZONAS;CHACHAPOYAS;SAN FCO. DE DAGUAS;5;6;11;1200
18;010119;AMAZONAS;CHACHAPOYAS;SAN ISIDRO DE MAINO;47;47;88;9400
19;010120;AMAZONAS;CHACHAPOYAS;SOLOCO;120;120;203;23700
20;010121;AMAZONAS;CHACHAPOYAS;SONCHE;20;17;41;4300
21;010202;AMAZONAS;BAGUA;ARAMANGO;1165;1129;2272;257699.56
22;010203;AMAZONAS;BAGUA;COPALLIN;624;629;991;129000
23;010204;AMAZONAS;BAGUA;EL PARCO;159;159;262;32899.91
24;010205;AMAZONAS;BAGUA;IMAZA;4139;4075;9989;847499.16
25;010206;AMAZONAS;BAGUA;LA PECA;789;786;1272;163700
26;010301;AMAZONAS;BONGARA;JUMBILLA;69;70;131;13800
27;010302;AMAZONAS;BONGARA;CHISQUILLA;38;36;75;8900
28;010303;AMAZONAS;BONGARA;CHURUJA;10;10;17;2000
29;010304;AMAZONAS;BONGARA;COROSHA;126;125;237;29000
30;010305;AMAZONAS;BONGARA;CUISPES;57;56;104;11600
31;010306;AMAZONAS;BONGARA;FLORIDA;246;248;438;49000
32;010307;AMAZONAS;BONGARA;JAZAN;370;367;617;72900
33;010308;AMAZONAS;BONGARA;RECTA;25;22;38;4700
34;010310;AMAZONAS;BONGARA;SHIPASBAMBA;168;144;307;30700
35;010311;AMAZONAS;BONGARA;VALERA;51;54;75;12000
36;010312;AMAZONAS;BONGARA;YAMBRASBAMBA;622;611;1189;131299.36
37;010401;AMAZONAS;CONDORCANQUI;NIEVA;3455;3291;8605;708099.63
38;010402;AMAZONAS;CONDORCANQUI;EL CENEPA;1847;1732;4908;378699.89
39;010403;AMAZONAS;CONDORCANQUI;RIO SANTIAGO;2419;2352;6970;487199.75
40;010501;AMAZONAS;LUYA;LAMUD;107;115;201;22900
41;010502;AMAZONAS;LUYA;CAMPORREDONDO;696;664;1429;142700
42;010503;AMAZONAS;LUYA;COCABAMBA;252;243;524;50900
43;010504;AMAZONAS;LUYA;COLCAMAR;190;192;372;41400
44;010505;AMAZONAS;LUYA;CONILA;181;179;333;35700
45;010506;AMAZONAS;LUYA;INGUILPATA;38;38;60;8100
46;010507;AMAZONAS;LUYA;LONGUITA;117;112;237;22399.54
47;010508;AMAZONAS;LUYA;LONYA CHICO;80;72;167;15500
48;010509;AMAZONAS;LUYA;LUYA;218;187;435;36800
49;010510;AMAZONAS;LUYA;LUYA VIEJO;38;37;87;7800
50;010511;AMAZONAS;LUYA;MARIA;76;75;143;15900
51;010512;AMAZONAS;LUYA;OCALLI;197;199;418;39400
52;010513;AMAZONAS;LUYA;OCUMAL;400;384;916;78600
53;010514;AMAZONAS;LUYA;PISUQUIA;720;710;1543;142800
54;010515;AMAZONAS;LUYA;PROVIDENCIA;153;153;372;32000
55;010516;AMAZONAS;LUYA;SAN CRISTOBAL;55;56;114;12700
56;010517;AMAZONAS;LUYA;SAN FRANCISCO DEL YESO;55;52;91;10400
57;010518;AMAZONAS;LUYA;SAN JERONIMO;56;58;90;12200
58;010519;AMAZONAS;LUYA;SN J.DE LOPECANCHA;49;49;106;10400
59;010520;AMAZONAS;LUYA;SANTA CATALINA;256;257;487;55200
60;010521;AMAZONAS;LUYA;SANTO TOMAS;321;308;720;68600
61;010522;AMAZONAS;LUYA;TINGO;110;102;213;20800
62;010523;AMAZONAS;LUYA;TRITA;150;150;302;31299.83
63;010602;AMAZONAS;RODRIGUEZ DE MENDOZA;CHIRIMOTO;262;246;514;54200
64;010603;AMAZONAS;RODRIGUEZ DE MENDOZA;COCHAMAL;52;53;92;10500
65;010605;AMAZONAS;RODRIGUEZ DE MENDOZA;LIMABAMBA;162;165;263;36000
66;010606;AMAZONAS;RODRIGUEZ DE MENDOZA;LONGAR;58;58;107;11500
67;010607;AMAZONAS;RODRIGUEZ DE MENDOZA;MARISCAL BENAVIDES;58;60;103;11700
68;010609;AMAZONAS;RODRIGUEZ DE MENDOZA;OMIA;998;975;1956;207000
69;010610;AMAZONAS;RODRIGUEZ DE MENDOZA;SANTA ROSA;53;47;95;9900
70;010612;AMAZONAS;RODRIGUEZ DE MENDOZA;VISTA ALEGRE;366;362;797;75900
71;010701;AMAZONAS;UTCUBAMBA;BAGUA GRANDE;2829;2836;5511;562400
72;010702;AMAZONAS;UTCUBAMBA;CAJARURO;3429;3398;5965;735199.68
73;010703;AMAZONAS;UTCUBAMBA;CUMBA;1139;1114;2166;232100
74;010704;AMAZONAS;UTCUBAMBA;EL MILAGRO;256;261;512;52100
75;010705;AMAZONAS;UTCUBAMBA;JAMALCA;884;879;1743;185700
76;010706;AMAZONAS;UTCUBAMBA;LONYA GRANDE;1119;1073;2030;231800
77;010707;AMAZONAS;UTCUBAMBA;YAMON;244;248;476;49600
78;020102;ANCASH;HUARAZ;COCHABAMBA;211;212;465;42200
79;020104;ANCASH;HUARAZ;HUANCHAY;180;182;353;41600
80;020107;ANCASH;HUARAZ;LA LIBERTAD;128;126;303;25399.67
81;020110;ANCASH;HUARAZ;PARIACOTO;501;496;935;100700
82;020111;ANCASH;HUARAZ;PIRA;336;336;662;68300
83;020202;ANCASH;AIJA;CORIS;179;177;377;38400
84;020203;ANCASH;AIJA;HUACLLAN;26;26;72;5800
85;020204;ANCASH;AIJA;LA MERCED;126;130;291;27300
86;020205;ANCASH;AIJA;SUCCHA;54;51;121;10400
87;020301;ANCASH;ANTONIO RAYMONDI;LLAMELLIN;270;272;644;55300
88;020302;ANCASH;ANTONIO RAYMONDI;ACZO;203;205;459;40899.76
89;020303;ANCASH;ANTONIO RAYMONDI;CHACCHO;164;167;363;33600
90;020304;ANCASH;ANTONIO RAYMONDI;CHINGAS;207;204;454;42000
91;020305;ANCASH;ANTONIO RAYMONDI;MIRGAS;581;579;1480;117300
92;020306;ANCASH;ANTONIO RAYMONDI;SAN JUAN DE RONTOY;161;162;401;32400
93;020402;ANCASH;ASUNCION;ACOCHACA;306;313;584;62800
94;020503;ANCASH;BOLOGNESI;ANTONIO RAYMONDI;90;89;174;18700
95;020506;ANCASH;BOLOGNESI;CANIS;6;6;13;1200
96;020510;ANCASH;BOLOGNESI;HUAYLLACAYAN;90;90;193;19500
97;020511;ANCASH;BOLOGNESI;LA PRIMAVERA;22;22;58;4500
98;020512;ANCASH;BOLOGNESI;MANGAS;23;23;55;4600
99;020513;ANCASH;BOLOGNESI;PACLLON;73;74;143;14800
100;020514;ANCASH;BOLOGNESI;SAN MIGUEL DE CORPANQUI;12;12;19;2400
101;020515;ANCASH;BOLOGNESI;TICLLOS;47;45;96;9600
102;020603;ANCASH;CARHUAZ;AMASHCA;56;56;96;11200
103;020604;ANCASH;CARHUAZ;ANTA;217;216;450;43600
104;020605;ANCASH;CARHUAZ;ATAQUERO;101;94;186;18700
105;020606;ANCASH;CARHUAZ;MARCARA;763;761;1377;155299.78
106;020607;ANCASH;CARHUAZ;PARIAHUANCA;129;129;242;26200
107;020608;ANCASH;CARHUAZ;SAN MIGUEL DE ACO;263;271;509;54600
108;020609;ANCASH;CARHUAZ;SHILLA;233;230;372;47000
109;020610;ANCASH;CARHUAZ;TINCO;65;66;137;13099.8
110;020611;ANCASH;CARHUAZ;YUNGAR;301;298;565;65100
111;020701;ANCASH;CARLOS F.FITZCARRALD;SAN LUIS;1157;1176;2340;236900
112;020702;ANCASH;CARLOS F.FITZCARRALD;SAN NICOLAS;441;445;946;89800
113;020703;ANCASH;CARLOS F.FITZCARRALD;YAUYA;554;552;1203;110200
114;020802;ANCASH;CASMA;BUENA VISTA ALTA;267;266;484;52700
115;020804;ANCASH;CASMA;YAUTAN;676;653;1304;150200
116;020901;ANCASH;CORONGO;CORONGO;117;120;248;23900
117;020902;ANCASH;CORONGO;ACO;31;31;66;6000
118;020903;ANCASH;CORONGO;BAMBAS;45;46;105;9200
119;020905;ANCASH;CORONGO;LA PAMPA;50;50;102;10000
120;020906;ANCASH;CORONGO;YANAC;59;57;118;11500
121;021002;ANCASH;HUARI;ANRA;168;169;342;33999.62
122;021003;ANCASH;HUARI;CAJAY;400;402;843;82799.47
123;021004;ANCASH;HUARI;CHAVIN DE HUANTAR;1042;1041;2103;217800
124;021005;ANCASH;HUARI;HUACACHI;186;190;405;37900
125;021006;ANCASH;HUARI;HUACCHIS;145;148;331;29500
126;021007;ANCASH;HUARI;HUACHIS;375;377;845;78600
127;021008;ANCASH;HUARI;HUANTAR;224;227;448;45000
128;021009;ANCASH;HUARI;MASIN;136;138;248;27800
129;021010;ANCASH;HUARI;PAUCAS;146;150;334;29900
130;021011;ANCASH;HUARI;PONTO;226;231;554;46100
131;021012;ANCASH;HUARI;RAHUAPAMPA;25;26;55;5200
132;021013;ANCASH;HUARI;RAPAYAN;149;151;349;29900
133;021014;ANCASH;HUARI;SAN MARCOS;944;959;2069;191000
134;021015;ANCASH;HUARI;SAN PEDRO DE CHANA;214;215;561;42700
135;021102;ANCASH;HUARMEY;COCHAPETI;89;87;181;20200
136;021103;ANCASH;HUARMEY;CULEBRAS;62;61;110;11900
137;021104;ANCASH;HUARMEY;HUAYAN;76;64;149;14900
138;021105;ANCASH;HUARMEY;MALVAS;32;32;65;6400
139;021201;ANCASH;HUAYLAS;CARAZ;671;651;1445;128300
140;021202;ANCASH;HUAYLAS;HUALLANCA;30;30;72;6000
141;021203;ANCASH;HUAYLAS;HUATA;167;167;350;37500
142;021204;ANCASH;HUAYLAS;HUAYLAS;123;118;291;25700
143;021205;ANCASH;HUAYLAS;MATO;140;143;254;29300
144;021206;ANCASH;HUAYLAS;PAMPAROMAS;1132;1122;2699;229100
145;021207;ANCASH;HUAYLAS;PUEBLO LIBRE;846;839;1665;176700
146;021208;ANCASH;HUAYLAS;SANTA CRUZ;442;439;842;95200
147;021209;ANCASH;HUAYLAS;SANTO TORIBIO;102;104;224;22000
148;021210;ANCASH;HUAYLAS;YURACMARCA;308;314;600;64200
149;021302;ANCASH;MARISCAL LUZURIAGA;CASCA;483;489;1071;103500
150;021303;ANCASH;MARISCAL LUZURIAGA;ELEAZAR GUZMAN BARRON;167;166;408;34400
151;021304;ANCASH;MARISCAL LUZURIAGA;FIDEL OLIVAS ESCUDERO;272;276;653;56500
152;021305;ANCASH;MARISCAL LUZURIAGA;LLAMA;108;108;215;22300
153;021306;ANCASH;MARISCAL LUZURIAGA;LLUMPA;850;861;1914;175900
154;021307;ANCASH;MARISCAL LUZURIAGA;LUCMA;361;360;689;73300
155;021401;ANCASH;OCROS;OCROS;53;54;121;10800
156;021402;ANCASH;OCROS;ACAS;9;9;17;1800
157;021405;ANCASH;OCROS;COCHAS;140;137;251;33000
158;021407;ANCASH;OCROS;LLIPA;4;4;6;800
159;021408;ANCASH;OCROS;SAN CRISTOBAL DE RAJAN;15;15;36;3000
160;021410;ANCASH;OCROS;SANTIAGO DE CHILCAS;34;34;74;7100
161;021501;ANCASH;PALLASCA;CABANA;116;115;268;22100
162;021503;ANCASH;PALLASCA;CONCHUCOS;1011;1002;2411;205600
163;021504;ANCASH;PALLASCA;HUACASCHUQUE;44;45;97;8800
164;021506;ANCASH;PALLASCA;LACABAMBA;45;43;104;8800
165;021507;ANCASH;PALLASCA;LLAPO;46;50;94;10000
166;021508;ANCASH;PALLASCA;PALLASCA;226;224;493;44600
167;021509;ANCASH;PALLASCA;PAMPAS;414;412;914;86799.58
168;021510;ANCASH;PALLASCA;SANTA ROSA;45;44;98;8800
169;021511;ANCASH;PALLASCA;TAUCA;199;203;438;40399.98
170;021601;ANCASH;POMABAMBA;POMABAMBA;1520;1536;3311;313200
171;021602;ANCASH;POMABAMBA;HUAYLLAN;416;426;832;86600
172;021603;ANCASH;POMABAMBA;PAROBAMBA;809;825;1809;175600
173;021604;ANCASH;POMABAMBA;QUINUABAMBA;343;350;768;70600
174;021701;ANCASH;RECUAY;RECUAY;181;182;401;36200
175;021702;ANCASH;RECUAY;CATAC;119;116;250;22900
176;021704;ANCASH;RECUAY;HUAYLLAPAMPA;54;56;98;12400
177;021705;ANCASH;RECUAY;LLACLLIN;67;67;141;13700
178;021707;ANCASH;RECUAY;PAMPAS CHICO;46;46;99;9200
179;021708;ANCASH;RECUAY;PARARIN;72;73;147;15800
180;021709;ANCASH;RECUAY;TAPACOCHA;33;35;77;6900
181;021710;ANCASH;RECUAY;TICAPAMPA;69;70;138;13800
182;021802;ANCASH;SANTA;CACERES DEL PERU;225;226;532;44700
183;021804;ANCASH;SANTA;MACATE;294;291;609;62400
184;021806;ANCASH;SANTA;NEPE헤;177;176;388;34300
185;021807;ANCASH;SANTA;SAMANCO;99;98;216;19300
186;021808;ANCASH;SANTA;SANTA;373;370;721;72500
187;021902;ANCASH;SIHUAS;ACOBAMBA;147;142;320;28200
188;021903;ANCASH;SIHUAS;ALFONSO UGARTE;44;49;83;9800
189;021904;ANCASH;SIHUAS;CASHAPAMPA;187;191;390;38000
190;021905;ANCASH;SIHUAS;CHINGALPO;86;80;191;15900
191;021906;ANCASH;SIHUAS;HUAYLLABAMBA;465;468;1023;93000
192;021907;ANCASH;SIHUAS;QUICHES;257;259;537;51600
193;021908;ANCASH;SIHUAS;RAGASH;219;218;485;43300
194;021909;ANCASH;SIHUAS;SAN JUAN;1151;1144;2347;232699.74
195;021910;ANCASH;SIHUAS;SICSIBAMBA;176;176;360;35000
196;022002;ANCASH;YUNGAY;CASCAPARA;180;183;390;37900
197;022004;ANCASH;YUNGAY;MATACOTO;78;77;142;17600
198;022005;ANCASH;YUNGAY;QUILLO;1619;1606;3395;334099.57
199;022006;ANCASH;YUNGAY;RANRAHIRCA;216;211;425;47000
200;022007;ANCASH;YUNGAY;SHUPLUY;212;210;568;43000
201;022008;ANCASH;YUNGAY;YANAMA;684;692;1394;143300
202;030101;APURIMAC;ABANCAY;ABANCAY;1181;1153;2179;228100
203;030102;APURIMAC;ABANCAY;CHACOCHE;118;113;219;23699.67
204;030103;APURIMAC;ABANCAY;CIRCA;124;124;214;26300
205;030104;APURIMAC;ABANCAY;CURAHUASI;1543;1524;2685;312999.25
206;030105;APURIMAC;ABANCAY;HUANIPACA;419;417;721;83999.52
207;030106;APURIMAC;ABANCAY;LAMBRAMA;201;200;338;40000
208;030107;APURIMAC;ABANCAY;PICHIRHUA;336;330;559;67900
209;030108;APURIMAC;ABANCAY;SAN PEDRO DE CACHORA;289;286;590;58100
210;030201;APURIMAC;ANDAHUAYLAS;ANDAHUAYLAS;1547;1521;3070;302500
211;030202;APURIMAC;ANDAHUAYLAS;ANDARAPA;776;768;1480;153999.44
212;030203;APURIMAC;ANDAHUAYLAS;CHIARA;116;116;229;23100
213;030204;APURIMAC;ANDAHUAYLAS;HUANCARAMA;536;528;995;107300
214;030205;APURIMAC;ANDAHUAYLAS;HUANCARAY;444;435;892;89999.99
215;030206;APURIMAC;ANDAHUAYLAS;HUAYANA;93;93;176;19100
216;030207;APURIMAC;ANDAHUAYLAS;KISHUARA;789;774;1577;157200
217;030208;APURIMAC;ANDAHUAYLAS;PACOBAMBA;417;411;755;82600
218;030209;APURIMAC;ANDAHUAYLAS;PACUCHA;990;970;1721;200200
219;030210;APURIMAC;ANDAHUAYLAS;PAMPACHIRI;305;300;700;60200
220;030211;APURIMAC;ANDAHUAYLAS;POMACOCHA;105;105;209;21300
221;030212;APURIMAC;ANDAHUAYLAS;SAN ANTONIO DE CACHI;375;371;728;74598.99
222;030213;APURIMAC;ANDAHUAYLAS;SAN JERONIMO;1499;1480;2968;294600
223;030214;APURIMAC;ANDAHUAYLAS;SAN MIGUEL DE CHACCRAMPA;252;248;516;50200
224;030215;APURIMAC;ANDAHUAYLAS;SANTA MARIA DE CHICMO;720;712;1451;143799.53
225;030216;APURIMAC;ANDAHUAYLAS;TALAVERA;1198;1172;2374;233600
226;030217;APURIMAC;ANDAHUAYLAS;TUMAY HUARACA;234;231;472;47000
227;030218;APURIMAC;ANDAHUAYLAS;TURPO;509;507;944;102000
228;030219;APURIMAC;ANDAHUAYLAS;KAQUIABAMBA;207;205;358;41499.83
229;030220;APURIMAC;ANDAHUAYLAS;JOSE MARIA ARGUEDAS;650;643;1222;135099.89
230;030301;APURIMAC;ANTABAMBA;ANTABAMBA;335;333;720;67100
231;030302;APURIMAC;ANTABAMBA;EL ORO;29;32;55;6400
232;030303;APURIMAC;ANTABAMBA;HUAQUIRCA;175;179;323;35000
233;030304;APURIMAC;ANTABAMBA;JUAN ESPINOZA MEDRANO;190;188;367;37900
234;030305;APURIMAC;ANTABAMBA;OROPESA;288;284;641;58100
235;030306;APURIMAC;ANTABAMBA;PACHACONAS;110;111;211;22700
236;030307;APURIMAC;ANTABAMBA;SABAINO;147;150;283;30600
237;030401;APURIMAC;AYMARAES;CHALHUANCA;164;163;340;32200
238;030402;APURIMAC;AYMARAES;CAPAYA;55;59;100;11700
239;030403;APURIMAC;AYMARAES;CARAYBAMBA;82;82;150;16200
240;030404;APURIMAC;AYMARAES;CHAPIMARCA;191;188;384;37800
241;030405;APURIMAC;AYMARAES;COLCABAMBA;74;77;126;15400
242;030406;APURIMAC;AYMARAES;COTARUSE;218;216;402;43000
243;030407;APURIMAC;AYMARAES;IHUAYLLO;29;28;47;5600
244;030408;APURIMAC;AYMARAES;JUSTO APU SAHUARAURA;72;71;153;14300
245;030409;APURIMAC;AYMARAES;LUCRE;175;175;356;35300
246;030410;APURIMAC;AYMARAES;POCOHUANCA;106;102;170;20300
247;030411;APURIMAC;AYMARAES;SAN JUAN DE CHAC헤;73;72;148;14400
248;030412;APURIMAC;AYMARAES;SA헤YCA;99;100;186;20300
249;030413;APURIMAC;AYMARAES;SORAYA;94;95;155;19100
250;030414;APURIMAC;AYMARAES;TAPAIRIHUA;217;221;420;45100
251;030415;APURIMAC;AYMARAES;TINTAY;252;245;464;48900
252;030416;APURIMAC;AYMARAES;TORAYA;126;130;222;26200
253;030417;APURIMAC;AYMARAES;YANACA;99;96;174;19300
254;030501;APURIMAC;COTABAMBAS;TAMBOBAMBA;1410;1382;2898;281300
255;030502;APURIMAC;COTABAMBAS;COTABAMBAS;517;522;991;107700
256;030503;APURIMAC;COTABAMBAS;COYLLURQUI;888;898;1649;181800
257;030504;APURIMAC;COTABAMBAS;HAQUIRA;1209;1186;2263;241300
258;030505;APURIMAC;COTABAMBAS;MARA;865;855;1636;174000
259;030506;APURIMAC;COTABAMBAS;CHALLHUAHUACHO;1037;1023;2183;210100
260;030601;APURIMAC;CHINCHEROS;CHINCHEROS;488;463;1068;95499.12
261;030602;APURIMAC;CHINCHEROS;ANCO_HUALLO;1168;1131;2184;236700
262;030603;APURIMAC;CHINCHEROS;COCHARCAS;214;208;437;43900
263;030604;APURIMAC;CHINCHEROS;HUACCANA;682;673;1332;139700
264;030605;APURIMAC;CHINCHEROS;OCOBAMBA;927;914;1802;185299.64
265;030606;APURIMAC;CHINCHEROS;ONGOY;260;259;544;51500
266;030607;APURIMAC;CHINCHEROS;URANMARCA;328;316;675;62799.99
267;030608;APURIMAC;CHINCHEROS;RANRACANCHA;541;532;1103;107599.82
268;030609;APURIMAC;CHINCHEROS;ROCCHACC;446;434;856;86800
269;030610;APURIMAC;CHINCHEROS;EL PORVENIR;277;269;576;54100
270;030611;APURIMAC;CHINCHEROS;LOS CHANKAS;131;129;267;25900
271;030701;APURIMAC;GRAU;CHUQUIBAMBILLA;525;520;943;107700
272;030702;APURIMAC;GRAU;CURPAHUASI;327;324;556;64799.88
273;030703;APURIMAC;GRAU;GAMARRA;338;345;631;69300
274;030704;APURIMAC;GRAU;HUAYLLATI;231;227;462;46200
275;030705;APURIMAC;GRAU;MAMARA;73;69;138;14300
276;030706;APURIMAC;GRAU;MICAELA BASTIDAS;103;102;205;20500
277;030707;APURIMAC;GRAU;PATAYPAMPA;86;85;196;17200
278;030708;APURIMAC;GRAU;PROGRESO;469;462;1006;93399.15
279;030709;APURIMAC;GRAU;SAN ANTONIO;27;26;44;5200
280;030710;APURIMAC;GRAU;SANTA ROSA;57;56;97;11300
281;030711;APURIMAC;GRAU;TURPAY;59;58;114;11600
282;030712;APURIMAC;GRAU;VILCABAMBA;45;45;76;9000
283;030713;APURIMAC;GRAU;VIRUNDO;77;77;139;15400
284;030714;APURIMAC;GRAU;CURASCO;206;205;379;41200
285;040119;AREQUIPA;AREQUIPA;SAN JUAN DE TARUCANI;87;85;140;20200
286;040306;AREQUIPA;CARAVELI;CAHUACHO;56;56;109;13500
287;040402;AREQUIPA;CASTILLA;ANDAGUA;87;83;164;16996.97
288;040404;AREQUIPA;CASTILLA;CHACHAS;142;130;320;26200
289;040406;AREQUIPA;CASTILLA;CHOCO;49;44;93;12000
290;040412;AREQUIPA;CASTILLA;U헲N;8;7;12;1400
291;040504;AREQUIPA;CAYLLOMA;CALLALLI;113;107;205;21300
292;040505;AREQUIPA;CAYLLOMA;CAYLLOMA;204;188;469;45196.01
293;040507;AREQUIPA;CAYLLOMA;HUAMBO;55;53;111;10700
294;040511;AREQUIPA;CAYLLOMA;LLUTA;63;46;109;9900
295;040514;AREQUIPA;CAYLLOMA;SAN ANTONIO DE CHUCA;53;50;97;10400
296;040515;AREQUIPA;CAYLLOMA;SIBAYO;56;53;121;10600
297;040516;AREQUIPA;CAYLLOMA;TAPAY;41;41;88;12000
298;040517;AREQUIPA;CAYLLOMA;TISCO;126;122;253;26000
299;040603;AREQUIPA;CONDESUYOS;CAYARANI;217;211;529;45594.74
300;040604;AREQUIPA;CONDESUYOS;CHICHAS;35;34;71;7300
301;040802;AREQUIPA;LA UNION;ALCA;163;161;359;32789.01
302;040803;AREQUIPA;LA UNION;CHARCANA;74;73;159;17100
303;040804;AREQUIPA;LA UNION;HUAYNACOTAS;173;159;405;33400
304;040805;AREQUIPA;LA UNION;PAMPAMARCA;137;137;348;28000
305;040806;AREQUIPA;LA UNION;PUYCA;279;280;664;58600
306;040807;AREQUIPA;LA UNION;QUECHUALLA;19;20;27;4600
307;040808;AREQUIPA;LA UNION;SAYLA;27;27;64;5600
308;040809;AREQUIPA;LA UNION;TAURIA;30;30;72;6600
309;040811;AREQUIPA;LA UNION;TORO;35;35;61;7000
310;050102;AYACUCHO;HUAMANGA;ACOCRO;751;734;1580;150799.99
311;050103;AYACUCHO;HUAMANGA;ACOS VINCHOS;515;496;929;99700
312;050105;AYACUCHO;HUAMANGA;CHIARA;688;664;1330;133899.95
313;050106;AYACUCHO;HUAMANGA;OCROS;668;669;1276;134400
314;050107;AYACUCHO;HUAMANGA;PACAYCASA;264;255;474;52000
315;050108;AYACUCHO;HUAMANGA;QUINUA;475;468;780;96700
316;050109;AYACUCHO;HUAMANGA;SAN JOSE DE TICLLAS;218;209;403;42900
317;050110;AYACUCHO;HUAMANGA;SAN JUAN BAUTISTA;348;340;666;66800
318;050111;AYACUCHO;HUAMANGA;SANTIAGO DE PISCHA;95;97;178;19900
319;050112;AYACUCHO;HUAMANGA;SOCOS;535;522;957;105600
320;050113;AYACUCHO;HUAMANGA;TAMBILLO;450;415;808;85800
321;050114;AYACUCHO;HUAMANGA;VINCHOS;1621;1614;3304;327100
322;050115;AYACUCHO;HUAMANGA;JESUS NAZARENO;148;143;267;28100
323;050201;AYACUCHO;CANGALLO;CANGALLO;466;468;882;96500
324;050202;AYACUCHO;CANGALLO;CHUSCHI;833;813;1639;163499.98
325;050203;AYACUCHO;CANGALLO;LOS MOROCHUCOS;887;874;1700;177300
326;050204;AYACUCHO;CANGALLO;MARIA PARADO DE BELLIDO;248;252;484;50500
327;050205;AYACUCHO;CANGALLO;PARAS;477;486;1119;99000
328;050206;AYACUCHO;CANGALLO;TOTOS;318;327;623;66500
329;050301;AYACUCHO;HUANCA SANCOS;SANCOS;140;139;252;27300
330;050302;AYACUCHO;HUANCA SANCOS;CARAPO;183;180;347;36500
331;050303;AYACUCHO;HUANCA SANCOS;SACSAMARCA;125;128;227;27000
332;050304;AYACUCHO;HUANCA SANCOS;SANTIAGO DE LUCANAMARCA;250;244;477;49000
333;050401;AYACUCHO;HUANTA;HUANTA;1473;1451;2839;299799.64
334;050402;AYACUCHO;HUANTA;AYAHUANCO;159;164;316;34100
335;050403;AYACUCHO;HUANTA;HUAMANGUILLA;342;351;678;72400
336;050404;AYACUCHO;HUANTA;IGUAIN;339;333;606;67799.79
337;050405;AYACUCHO;HUANTA;LURICOCHA;479;468;928;96899.7
338;050406;AYACUCHO;HUANTA;SANTILLANA;491;494;1015;100400
339;050407;AYACUCHO;HUANTA;SIVIA;698;649;1394;132700
340;050408;AYACUCHO;HUANTA;LLOCHEGUA;564;526;1065;113800
341;050409;AYACUCHO;HUANTA;CANAYRE;232;210;442;45000
342;050410;AYACUCHO;HUANTA;UCHURACCAY;443;421;1023;84000
343;050411;AYACUCHO;HUANTA;PUCACOLPA;351;337;903;67700
344;050412;AYACUCHO;HUANTA;CHACA;284;281;657;56600
345;050501;AYACUCHO;LA MAR;SAN MIGUEL;991;984;1958;202100
346;050502;AYACUCHO;LA MAR;ANCO;785;757;1611;154299.14
347;050503;AYACUCHO;LA MAR;AYNA;577;544;1025;116100
348;050504;AYACUCHO;LA MAR;CHILCAS;177;176;372;34700
349;050505;AYACUCHO;LA MAR;CHUNGUI;550;549;1310;110800
350;050506;AYACUCHO;LA MAR;LUIS CARRANZA;165;160;331;33000
351;050507;AYACUCHO;LA MAR;SANTA ROSA;599;554;1105;113399.99
352;050508;AYACUCHO;LA MAR;TAMBO;1189;1152;2607;230299.84
353;050509;AYACUCHO;LA MAR;SAMUGARI;757;700;1391;150699.59
354;050510;AYACUCHO;LA MAR;ANCHIHUAY;488;472;1019;97700
355;050511;AYACUCHO;LA MAR;ORONCCOY;136;133;292;27800
356;050601;AYACUCHO;LUCANAS;PUQUIO;434;437;909;86100
357;050602;AYACUCHO;LUCANAS;AUCARA;161;157;309;31500
358;050603;AYACUCHO;LUCANAS;CABANA;67;64;112;12700
359;050604;AYACUCHO;LUCANAS;CARMEN SALCEDO;83;79;150;16300
360;050605;AYACUCHO;LUCANAS;CHAVI헤;165;148;336;30400
361;050606;AYACUCHO;LUCANAS;CHIPAO;190;190;411;38100
362;050607;AYACUCHO;LUCANAS;HUAC헫UAS;102;97;191;20700
363;050608;AYACUCHO;LUCANAS;LARAMATE;127;125;271;24600
364;050609;AYACUCHO;LUCANAS;LEONCIO PRADO;21;24;40;4800
365;050610;AYACUCHO;LUCANAS;LLAUTA;67;64;131;12600
366;050611;AYACUCHO;LUCANAS;LUCANAS;236;237;443;48900
367;050612;AYACUCHO;LUCANAS;OCA헤;161;163;356;32700
368;050613;AYACUCHO;LUCANAS;OTOCA;141;139;272;30300
369;050615;AYACUCHO;LUCANAS;SAN CRISTOBAL;170;169;427;33400
370;050616;AYACUCHO;LUCANAS;SAN JUAN;42;39;80;8200
371;050617;AYACUCHO;LUCANAS;SAN PEDRO;275;274;634;56000
372;050618;AYACUCHO;LUCANAS;SAN PEDRO DE PALCO;78;80;170;16800
373;050619;AYACUCHO;LUCANAS;SANCOS;193;193;400;38000
374;050620;AYACUCHO;LUCANAS;SANTA ANA DE HUAYCAHUACHO;31;32;54;6300
375;050621;AYACUCHO;LUCANAS;SANTA LUCIA;33;33;72;6600
376;050701;AYACUCHO;PARINACOCHAS;CORACORA;667;652;1359;143400
377;050702;AYACUCHO;PARINACOCHAS;CHUMPI;192;139;385;27500
378;050703;AYACUCHO;PARINACOCHAS;CORONEL CASTA헨DA;65;67;140;13400
379;050704;AYACUCHO;PARINACOCHAS;PACAPAUSA;59;58;107;12000
380;050705;AYACUCHO;PARINACOCHAS;PULLO;277;219;547;44500
381;050706;AYACUCHO;PARINACOCHAS;PUYUSCA;111;115;233;23700
382;050707;AYACUCHO;PARINACOCHAS;SAN FRANCISCO DE RAVACAYCO;32;29;70;6000
383;050708;AYACUCHO;PARINACOCHAS;UPAHUACHO;137;137;301;27400
384;050801;AYACUCHO;PAUCAR DEL SARA SARA;PAUSA;121;118;248;23400
385;050802;AYACUCHO;PAUCAR DEL SARA SARA;COLTA;41;41;74;8300
386;050803;AYACUCHO;PAUCAR DEL SARA SARA;CORCULLA;46;47;87;9400
387;050804;AYACUCHO;PAUCAR DEL SARA SARA;LAMPA;151;155;305;32100
388;050805;AYACUCHO;PAUCAR DEL SARA SARA;MARCABAMBA;25;25;44;4900
389;050806;AYACUCHO;PAUCAR DEL SARA SARA;OYOLO;112;114;267;23100
390;050807;AYACUCHO;PAUCAR DEL SARA SARA;PARARCA;27;29;65;5900
391;050808;AYACUCHO;PAUCAR DEL SARA SARA;SAN JAVIER DE ALPABAMBA;15;15;23;3000
392;050809;AYACUCHO;PAUCAR DEL SARA SARA;SAN JOSE DE USHUA;23;20;53;3800
393;050810;AYACUCHO;PAUCAR DEL SARA SARA;SARA SARA;38;37;66;7300
394;050901;AYACUCHO;SUCRE;QUEROBAMBA;195;196;350;40300
395;050902;AYACUCHO;SUCRE;BELEN;16;16;30;3300
396;050903;AYACUCHO;SUCRE;CHALCOS;46;49;97;10200
397;050904;AYACUCHO;SUCRE;CHILCAYOC;47;48;93;9600
398;050905;AYACUCHO;SUCRE;HUACA헤;23;25;47;5000
399;050906;AYACUCHO;SUCRE;MORCOLLA;111;113;222;23100
400;050907;AYACUCHO;SUCRE;PAICO;46;49;91;9700
401;050908;AYACUCHO;SUCRE;SAN PEDRO DE LARCAY;70;70;154;14200
402;050909;AYACUCHO;SUCRE;SAN SALVADOR DE QUIJE;140;142;249;28700
403;050910;AYACUCHO;SUCRE;SANTIAGO DE PAUCARAY;58;57;106;11800
404;050911;AYACUCHO;SUCRE;SORAS;86;89;163;18200
405;051001;AYACUCHO;VICTOR FAJARDO;HUANCAPI;91;90;176;18899.89
406;051002;AYACUCHO;VICTOR FAJARDO;ALCAMENCA;115;118;240;23900
407;051003;AYACUCHO;VICTOR FAJARDO;APONGO;54;56;102;11100
408;051004;AYACUCHO;VICTOR FAJARDO;ASQUIPATA;18;19;31;3600
409;051005;AYACUCHO;VICTOR FAJARDO;CANARIA;197;188;370;39900
410;051006;AYACUCHO;VICTOR FAJARDO;CAYARA;62;58;121;11900
411;051007;AYACUCHO;VICTOR FAJARDO;COLCA;90;88;167;17700
412;051008;AYACUCHO;VICTOR FAJARDO;HUAMANQUIQUIA;114;111;249;22500
413;051009;AYACUCHO;VICTOR FAJARDO;HUANCARAYLLA;118;116;238;22799.55
414;051010;AYACUCHO;VICTOR FAJARDO;HUAYA;188;192;368;40000
415;051011;AYACUCHO;VICTOR FAJARDO;SARHUA;308;319;658;63900
416;051012;AYACUCHO;VICTOR FAJARDO;VILCANCHOS;278;285;563;58900
417;051101;AYACUCHO;VILCAS HUAMAN;VILCAS HUAMAN;622;638;1162;126800
418;051102;AYACUCHO;VILCAS HUAMAN;ACCOMARCA;96;102;163;20200
419;051103;AYACUCHO;VILCAS HUAMAN;CARHUANCA;64;64;140;12800
420;051104;AYACUCHO;VILCAS HUAMAN;CONCEPCION;232;235;450;47400
421;051105;AYACUCHO;VILCAS HUAMAN;HUAMBALPA;172;174;349;35100
422;051106;AYACUCHO;VILCAS HUAMAN;INDEPENDENCIA;103;103;193;21300
423;051107;AYACUCHO;VILCAS HUAMAN;SAURAMA;100;98;198;19800
424;051108;AYACUCHO;VILCAS HUAMAN;VISCHONGO;394;386;785;76800
425;060102;CAJAMARCA;CAJAMARCA;ASUNCION;922;932;1950;185999.04
426;060103;CAJAMARCA;CAJAMARCA;CHETILLA;475;475;985;94900
427;060104;CAJAMARCA;CAJAMARCA;COSPAN;744;756;1689;151899.58
428;060105;CAJAMARCA;CAJAMARCA;ENCA헤DA;2648;2640;4723;545600
429;060106;CAJAMARCA;CAJAMARCA;JESUS;1551;1528;3406;317099.99
430;060107;CAJAMARCA;CAJAMARCA;LLACANORA;604;596;1127;124800
431;060108;CAJAMARCA;CAJAMARCA;LOS BA헲S DEL INCA;2504;2373;4610;521600
432;060109;CAJAMARCA;CAJAMARCA;MAGDALENA;927;921;1843;195000
433;060110;CAJAMARCA;CAJAMARCA;MATARA;485;475;880;104299.86
434;060111;CAJAMARCA;CAJAMARCA;NAMORA;1154;1128;2531;230599.62
435;060112;CAJAMARCA;CAJAMARCA;SAN JUAN;529;519;1060;108300
436;060201;CAJAMARCA;CAJABAMBA;CAJABAMBA;2096;2069;4211;468499.99
437;060202;CAJAMARCA;CAJABAMBA;CACHACHI;1893;1871;4557;414598.79
438;060203;CAJAMARCA;CAJABAMBA;CONDEBAMBA;1487;1482;3002;304999.44
439;060204;CAJAMARCA;CAJABAMBA;SITACOCHA;867;847;1805;170600
440;060301;CAJAMARCA;CELENDIN;CELENDIN;1960;1912;3725;397199.64
441;060302;CAJAMARCA;CELENDIN;CHUMUCH;370;369;739;76700
442;060303;CAJAMARCA;CELENDIN;CORTEGANA;1156;1156;2456;238299.76
443;060304;CAJAMARCA;CELENDIN;HUASMIN;1667;1661;2895;342700
444;060305;CAJAMARCA;CELENDIN;JORGE CHAVEZ;50;49;74;10300
445;060306;CAJAMARCA;CELENDIN;JOSE GALVEZ;234;224;434;49400
446;060307;CAJAMARCA;CELENDIN;MIGUEL IGLESIAS;651;647;1132;139900
447;060308;CAJAMARCA;CELENDIN;OXAMARCA;962;944;1849;195000
448;060309;CAJAMARCA;CELENDIN;SOROCHUCO;1117;1132;1884;234000
449;060310;CAJAMARCA;CELENDIN;SUCRE;473;454;960;97200
450;060311;CAJAMARCA;CELENDIN;UTCO;142;145;267;29300
451;060312;CAJAMARCA;CELENDIN;LA LIBERTAD DE PALLAN;979;997;1724;207200
452;060401;CAJAMARCA;CHOTA;CHOTA;3115;3123;5489;763800
453;060402;CAJAMARCA;CHOTA;ANGUIA;441;450;805;92499.74
454;060403;CAJAMARCA;CHOTA;CHADIN;581;585;1066;118799.94
455;060404;CAJAMARCA;CHOTA;CHIGUIRIP;545;556;889;118000
456;060405;CAJAMARCA;CHOTA;CHIMBAN;322;324;656;70599.82
457;060406;CAJAMARCA;CHOTA;CHOROPAMPA;303;310;585;64000
458;060407;CAJAMARCA;CHOTA;COCHABAMBA;755;766;1287;158798.75
459;060408;CAJAMARCA;CHOTA;CONCHAN;687;677;1200;140499.73
460;060409;CAJAMARCA;CHOTA;HUAMBOS;1110;1126;1994;236000
461;060410;CAJAMARCA;CHOTA;LAJAS;1465;1480;2467;308900
462;060411;CAJAMARCA;CHOTA;LLAMA;948;960;1675;207600
463;060412;CAJAMARCA;CHOTA;MIRACOSTA;421;423;993;88400
464;060413;CAJAMARCA;CHOTA;PACCHA;656;654;1213;134800
465;060414;CAJAMARCA;CHOTA;PION;170;174;317;34800
466;060415;CAJAMARCA;CHOTA;QUEROCOTO;1155;1160;2266;241200
467;060416;CAJAMARCA;CHOTA;SAN JUAN DE LICUPIS;105;109;218;21799.67
468;060417;CAJAMARCA;CHOTA;TACABAMBA;1831;1849;3387;393800
469;060418;CAJAMARCA;CHOTA;TOCMOCHE;112;110;182;23499.81
470;060419;CAJAMARCA;CHOTA;CHALAMARCA;1428;1449;2408;296400
471;060501;CAJAMARCA;CONTUMAZA;CONTUMAZA;659;665;1229;134900
472;060502;CAJAMARCA;CONTUMAZA;CHILETE;217;217;373;46099.78
473;060503;CAJAMARCA;CONTUMAZA;CUPISNIQUE;153;152;257;31599.73
474;060504;CAJAMARCA;CONTUMAZA;GUZMANGO;314;317;601;63800
475;060505;CAJAMARCA;CONTUMAZA;SAN BENITO;372;367;650;83900
476;060506;CAJAMARCA;CONTUMAZA;SANTA CRUZ DE TOLED;110;112;202;22400
477;060507;CAJAMARCA;CONTUMAZA;TANTARICA;263;258;503;57800
478;060508;CAJAMARCA;CONTUMAZA;YONAN;510;496;845;110400
479;060601;CAJAMARCA;CUTERVO;CUTERVO;6244;6352;10401;1320798.71
480;060602;CAJAMARCA;CUTERVO;CALLAYUC;1414;1397;2514;285399.96
481;060603;CAJAMARCA;CUTERVO;CHOROS;396;406;690;83900
482;060604;CAJAMARCA;CUTERVO;CUJILLO;388;389;664;79499.55
483;060605;CAJAMARCA;CUTERVO;LA RAMADA;496;507;907;102800
484;060606;CAJAMARCA;CUTERVO;PIMPINGOS;773;769;1444;165200
485;060607;CAJAMARCA;CUTERVO;QUEROCOTILLO;2054;2084;4092;420099.37
486;060608;CAJAMARCA;CUTERVO;SAN ANDRES DE CUTERVO;664;680;1179;138998.78
487;060609;CAJAMARCA;CUTERVO;SAN JUAN DE CUTERVO;304;306;519;61499.47
488;060610;CAJAMARCA;CUTERVO;SAN LUIS DE LUCMA;444;456;760;92399.63
489;060611;CAJAMARCA;CUTERVO;SANTA CRUZ;398;393;773;80699.52
490;060612;CAJAMARCA;CUTERVO;SANTO DOMINGO DE LA CAPILLA;639;647;1166;129999.43
491;060613;CAJAMARCA;CUTERVO;SANTO TOMAS;1045;1078;1919;218599.23
492;060614;CAJAMARCA;CUTERVO;SOCOTA;1182;1190;2187;244700
493;060615;CAJAMARCA;CUTERVO;TORIBIO CASANOVA;153;156;246;31100
494;060701;CAJAMARCA;HUALGAYOC;BAMBAMARCA;7977;7885;12680;1642797.25
495;060702;CAJAMARCA;HUALGAYOC;CHUGUR;361;357;678;85600
496;060703;CAJAMARCA;HUALGAYOC;HUALGAYOC;1590;1610;2587;333499.92
497;060802;CAJAMARCA;JAEN;BELLAVISTA;2025;2011;3469;435099.96
498;060803;CAJAMARCA;JAEN;CHONTALI;1386;1375;2553;300499.67
499;060804;CAJAMARCA;JAEN;COLASAY;1335;1335;2526;290300
500;060805;CAJAMARCA;JAEN;HUABAL;1285;1285;2294;274700
501;060806;CAJAMARCA;JAEN;LAS PIRIAS;629;631;1025;138099.9
502;060807;CAJAMARCA;JAEN;POMAHUACA;1134;1138;2387;237898.55
503;060808;CAJAMARCA;JAEN;PUCARA;671;678;1243;149299.93
504;060809;CAJAMARCA;JAEN;SALLIQUE;991;984;2330;202699.55
505;060810;CAJAMARCA;JAEN;SAN FELIPE;531;542;1171;110200
506;060811;CAJAMARCA;JAEN;SAN JOSE DEL ALTO;1029;1037;1999;246599.84
507;060812;CAJAMARCA;JAEN;SANTA ROSA;1532;1520;2586;362900
508;060901;CAJAMARCA;SAN IGNACIO;SAN IGNACIO;3492;3384;7331;780000
509;060902;CAJAMARCA;SAN IGNACIO;CHIRINOS;1932;1910;3654;439500
510;060903;CAJAMARCA;SAN IGNACIO;HUARANGO;2736;2727;5055;559300
511;060904;CAJAMARCA;SAN IGNACIO;LA COIPA;2303;2299;4454;477600
512;060905;CAJAMARCA;SAN IGNACIO;NAMBALLE;1271;1258;2792;266300
513;060906;CAJAMARCA;SAN IGNACIO;SAN JOSE DE LOURDES;2104;2043;4351;451800
514;060907;CAJAMARCA;SAN IGNACIO;TABACONAS;2881;2906;5995;606200
515;061001;CAJAMARCA;SAN MARCOS;PEDRO GALVEZ;1653;1651;2860;346499.78
516;061002;CAJAMARCA;SAN MARCOS;CHANCAY;396;393;780;79100
517;061003;CAJAMARCA;SAN MARCOS;EDUARDO VILLANUEVA;214;212;425;42800
518;061004;CAJAMARCA;SAN MARCOS;GREGORIO PITA;707;709;1337;142900
519;061005;CAJAMARCA;SAN MARCOS;ICHOCAN;179;178;328;37500
520;061006;CAJAMARCA;SAN MARCOS;JOSE MANUEL QUIROZ;444;445;852;89100
521;061007;CAJAMARCA;SAN MARCOS;JOSE SABOGAL;1721;1678;3283;337900
522;061101;CAJAMARCA;SAN MIGUEL;SAN MIGUEL;1576;1606;2573;327799.49
523;061102;CAJAMARCA;SAN MIGUEL;BOLIVAR;145;149;235;29900
524;061103;CAJAMARCA;SAN MIGUEL;CALQUIS;486;493;884;99600
525;061104;CAJAMARCA;SAN MIGUEL;CATILLUC;390;393;660;80400
526;061105;CAJAMARCA;SAN MIGUEL;EL PRADO;160;164;275;33400
527;061106;CAJAMARCA;SAN MIGUEL;LA FLORIDA;261;257;403;52000
528;061107;CAJAMARCA;SAN MIGUEL;LLAPA;570;583;959;118399.99
529;061108;CAJAMARCA;SAN MIGUEL;NANCHOC;147;148;233;30200
530;061109;CAJAMARCA;SAN MIGUEL;NIEPOS;365;372;678;76000
531;061110;CAJAMARCA;SAN MIGUEL;SAN GREGORIO;249;253;418;51000
532;061111;CAJAMARCA;SAN MIGUEL;SAN SILVESTRE DE COCHAN;448;455;720;91600
533;061112;CAJAMARCA;SAN MIGUEL;TONGOD;348;351;609;70900
534;061113;CAJAMARCA;SAN MIGUEL;UNION AGUA BLANCA;389;395;682;79800
535;061201;CAJAMARCA;SAN PABLO;SAN PABLO;1437;1419;2683;288500
536;061202;CAJAMARCA;SAN PABLO;SAN BERNARDINO;642;642;1158;130100
537;061203;CAJAMARCA;SAN PABLO;SAN LUIS;155;158;265;31200
538;061204;CAJAMARCA;SAN PABLO;TUMBADEN;469;472;863;95699.55
539;061301;CAJAMARCA;SANTA CRUZ;SANTA CRUZ;700;706;1281;148200
540;061302;CAJAMARCA;SANTA CRUZ;ANDABAMBA;171;171;319;36400
541;061303;CAJAMARCA;SANTA CRUZ;CATACHE;1030;1031;1984;216100
542;061304;CAJAMARCA;SANTA CRUZ;CHANCAYBA헲S;417;430;768;86000
543;061305;CAJAMARCA;SANTA CRUZ;LA ESPERANZA;287;293;503;61200
544;061306;CAJAMARCA;SANTA CRUZ;NINABAMBA;230;233;413;47000
545;061307;CAJAMARCA;SANTA CRUZ;PULAN;508;514;953;107399.55
546;061308;CAJAMARCA;SANTA CRUZ;SAUCEPAMPA;188;193;337;38400
547;061309;CAJAMARCA;SANTA CRUZ;SEXI;21;22;41;5000
548;061310;CAJAMARCA;SANTA CRUZ;UTICYACU;147;148;298;29800
549;061311;CAJAMARCA;SANTA CRUZ;YAUYUCAN;342;345;604;72200
550;080102;CUSCO;CUSCO;CCORCA;246;236;481;47999.71
551;080201;CUSCO;ACOMAYO;ACOMAYO;447;442;1086;87700
552;080202;CUSCO;ACOMAYO;ACOPIA;253;253;506;50200
553;080203;CUSCO;ACOMAYO;ACOS;245;239;572;47400
554;080204;CUSCO;ACOMAYO;MOSOC LLACTA;59;60;117;12000
555;080205;CUSCO;ACOMAYO;POMACANCHI;870;874;1953;176300
556;080206;CUSCO;ACOMAYO;RONDOCAN;245;243;500;48199.58
557;080207;CUSCO;ACOMAYO;SANGARARA;360;362;803;71600
558;080301;CUSCO;ANTA;ANTA;626;616;1218;122300
559;080302;CUSCO;ANTA;ANCAHUASI;361;368;696;72999.99
560;080304;CUSCO;ANTA;CHINCHAYPUJIO;372;387;812;77200
561;080305;CUSCO;ANTA;HUAROCONDO;393;399;757;79200
562;080306;CUSCO;ANTA;LIMATAMBO;385;387;790;76300
563;080307;CUSCO;ANTA;MOLLEPATA;120;118;242;23400
564;080308;CUSCO;ANTA;PUCYURA;139;141;290;28000
565;080309;CUSCO;ANTA;ZURITE;106;104;172;20600
566;080401;CUSCO;CALCA;CALCA;458;441;981;86800
567;080402;CUSCO;CALCA;COYA;193;195;388;38700
568;080403;CUSCO;CALCA;LAMAY;400;404;933;79399.72
569;080404;CUSCO;CALCA;LARES;991;980;1895;195700
570;080405;CUSCO;CALCA;PISAC;532;532;1181;105700
571;080406;CUSCO;CALCA;SAN SALVADOR;432;417;963;84300
572;080408;CUSCO;CALCA;YANATILE;196;197;375;38800
573;080501;CUSCO;CANAS;YANAOCA;906;914;1789;186699.99
574;080502;CUSCO;CANAS;CHECCA;636;654;1283;130100
575;080503;CUSCO;CANAS;KUNTURKANKI;575;589;1100;116900
576;080504;CUSCO;CANAS;LANGUI;131;137;259;27100
577;080505;CUSCO;CANAS;LAYO;290;304;626;59600
578;080506;CUSCO;CANAS;PAMPAMARCA;86;89;181;17600
579;080507;CUSCO;CANAS;QUEHUE;324;342;674;68900
580;080508;CUSCO;CANAS;TUPAC AMARU;277;298;516;59700
581;080601;CUSCO;CANCHIS;SICUANI;1436;1466;2855;289100
582;080602;CUSCO;CANCHIS;CHECACUPE;367;385;681;76200
583;080603;CUSCO;CANCHIS;COMBAPATA;213;215;408;42300
584;080604;CUSCO;CANCHIS;MARANGANI;470;469;894;92300
585;080605;CUSCO;CANCHIS;PITUMARCA;763;769;1425;154699.99
586;080606;CUSCO;CANCHIS;SAN PABLO;239;245;472;48900
587;080607;CUSCO;CANCHIS;SAN PEDRO;81;82;113;16400
588;080608;CUSCO;CANCHIS;TINTA;203;213;345;42600
589;080701;CUSCO;CHUMBIVILCAS;SANTO TOMAS;1577;1585;3159;313700
590;080702;CUSCO;CHUMBIVILCAS;CAPACMARCA;573;564;1018;119800
591;080703;CUSCO;CHUMBIVILCAS;CHAMACA;796;791;1499;158400
592;080704;CUSCO;CHUMBIVILCAS;COLQUEMARCA;934;949;1742;189000
593;080705;CUSCO;CHUMBIVILCAS;LIVITACA;1572;1586;3354;324100
594;080706;CUSCO;CHUMBIVILCAS;LLUSCO;691;679;1380;137900
595;080707;CUSCO;CHUMBIVILCAS;QUI헲TA;480;475;1129;94700
596;080708;CUSCO;CHUMBIVILCAS;VELILLE;424;423;881;83600
597;080801;CUSCO;ESPINAR;ESPINAR;883;886;1758;174499.68
598;080802;CUSCO;ESPINAR;CONDOROMA;76;76;131;15500
599;080803;CUSCO;ESPINAR;COPORAQUE;938;978;1831;192100
600;080804;CUSCO;ESPINAR;OCORURO;47;46;90;9200
601;080805;CUSCO;ESPINAR;PALLPATA;617;614;1242;122900
602;080806;CUSCO;ESPINAR;PICHIGUA;376;375;733;74500
603;080807;CUSCO;ESPINAR;SUYCKUTAMBO;154;155;295;30800
604;080902;CUSCO;LA CONVENCION;ECHARATE;739;703;1584;153700
605;080904;CUSCO;LA CONVENCION;MARANURA;111;111;183;22000
606;080905;CUSCO;LA CONVENCION;OCOBAMBA;224;231;420;45800
607;080906;CUSCO;LA CONVENCION;QUELLOUNO;259;252;452;51200
608;080907;CUSCO;LA CONVENCION;KIMBIRI;452;442;960;87200
609;080908;CUSCO;LA CONVENCION;SANTA TERESA;302;283;513;56200
610;080909;CUSCO;LA CONVENCION;VILCABAMBA;725;728;1348;145200
611;080910;CUSCO;LA CONVENCION;PICHARI;816;775;1803;154800
612;080911;CUSCO;LA CONVENCION;INKAWASI;377;367;706;73000
613;080912;CUSCO;LA CONVENCION;VILLA VIRGEN;53;52;97;10400
614;080913;CUSCO;LA CONVENCION;VILLA KINTIARINA;125;122;315;26600
615;080914;CUSCO;LA CONVENCION;MEGANTONI;367;346;917;84100
616;081001;CUSCO;PARURO;PARURO;233;227;430;45300
617;081002;CUSCO;PARURO;ACCHA;332;336;700;67999.92
618;081003;CUSCO;PARURO;CCAPI;357;356;666;74500
619;081004;CUSCO;PARURO;COLCHA;66;66;112;13200
620;081005;CUSCO;PARURO;HUANOQUITE;667;685;1241;137200
621;081006;CUSCO;PARURO;OMACHA;769;767;1733;153600
622;081007;CUSCO;PARURO;PACCARITAMBO;182;176;308;35000
623;081008;CUSCO;PARURO;PILLPINTO;33;37;65;7400
624;081009;CUSCO;PARURO;YAURISQUE;278;280;502;56300
625;081101;CUSCO;PAUCARTAMBO;PAUCARTAMBO;1369;1340;3023;272000
626;081102;CUSCO;PAUCARTAMBO;CAICAY;367;365;895;73500
627;081103;CUSCO;PAUCARTAMBO;CHALLABAMBA;1144;1118;2388;225299.51
628;081104;CUSCO;PAUCARTAMBO;COLQUEPATA;988;954;2384;189499.78
629;081105;CUSCO;PAUCARTAMBO;HUANCARANI;702;696;1656;145499.45
630;081106;CUSCO;PAUCARTAMBO;KOS헬PATA;22;21;51;4100
631;081201;CUSCO;QUISPICANCHI;URCOS;551;555;1125;110400
632;081202;CUSCO;QUISPICANCHI;ANDAHUAYLILLAS;371;353;757;70200
633;081204;CUSCO;QUISPICANCHI;CCARHUAYO;350;346;761;69600
634;081205;CUSCO;QUISPICANCHI;CCATCA;1672;1635;4200;323500
635;081206;CUSCO;QUISPICANCHI;CUSIPATA;481;451;1019;89100
636;081207;CUSCO;QUISPICANCHI;HUARO;230;223;546;44000
637;081208;CUSCO;QUISPICANCHI;LUCRE;161;155;323;30500
638;081209;CUSCO;QUISPICANCHI;MARCAPATA;547;553;1227;111400
639;081210;CUSCO;QUISPICANCHI;OCONGATE;1974;1923;4309;384400
640;081212;CUSCO;QUISPICANCHI;QUIQUIJANA;1064;1011;2609;198899.96
641;081302;CUSCO;URUBAMBA;CHINCHERO;251;253;531;50200
642;081306;CUSCO;URUBAMBA;OLLANTAYTAMBO;476;441;1059;87300
643;090101;HUANCAVELICA;HUANCAVELICA;HUANCAVELICA;733;733;1455;144400
644;090102;HUANCAVELICA;HUANCAVELICA;ACOBAMBILLA;145;151;332;30100
645;090103;HUANCAVELICA;HUANCAVELICA;ACORIA;2311;2357;4674;484499.7
646;090104;HUANCAVELICA;HUANCAVELICA;CONAYCA;48;48;109;9500
647;090105;HUANCAVELICA;HUANCAVELICA;CUENCA;156;153;322;31498.9
648;090106;HUANCAVELICA;HUANCAVELICA;HUACHOCOLPA;138;126;327;25200
649;090107;HUANCAVELICA;HUANCAVELICA;HUAYLLAHUARA;49;52;82;10400
650;090109;HUANCAVELICA;HUANCAVELICA;LARIA;77;77;152;15600
651;090110;HUANCAVELICA;HUANCAVELICA;MANTA;102;103;224;20900
652;090111;HUANCAVELICA;HUANCAVELICA;MARISCAL CACERES;32;32;69;6300
653;090112;HUANCAVELICA;HUANCAVELICA;MOYA;96;98;178;20100
654;090113;HUANCAVELICA;HUANCAVELICA;NUEVO OCCORO;185;183;423;37600
655;090114;HUANCAVELICA;HUANCAVELICA;PALCA;165;167;343;33700
656;090115;HUANCAVELICA;HUANCAVELICA;PILCHACA;52;52;96;10800
657;090116;HUANCAVELICA;HUANCAVELICA;VILCA;241;244;482;49100
658;090117;HUANCAVELICA;HUANCAVELICA;YAULI;3141;3136;7143;636198.57
659;090118;HUANCAVELICA;HUANCAVELICA;ASCENSION;402;370;733;73100
660;090119;HUANCAVELICA;HUANCAVELICA;HUANDO;737;737;1457;151100
661;090201;HUANCAVELICA;ACOBAMBA;ACOBAMBA;942;958;1789;197599.55
662;090202;HUANCAVELICA;ACOBAMBA;ANDABAMBA;417;420;843;85399.96
663;090203;HUANCAVELICA;ACOBAMBA;ANTA;636;647;1374;131099.89
664;090204;HUANCAVELICA;ACOBAMBA;CAJA;174;178;319;35600
665;090205;HUANCAVELICA;ACOBAMBA;MARCAS;173;171;328;34700
666;090206;HUANCAVELICA;ACOBAMBA;PAUCARA;1268;1260;2688;256599.01
667;090207;HUANCAVELICA;ACOBAMBA;POMACOCHA;274;275;517;55600
668;090208;HUANCAVELICA;ACOBAMBA;ROSARIO;696;702;1216;143800
669;090301;HUANCAVELICA;ANGARAES;LIRCAY;1955;1959;4283;410099.74
670;090302;HUANCAVELICA;ANGARAES;ANCHONGA;968;971;2236;189199.8
671;090303;HUANCAVELICA;ANGARAES;CALLANMARCA;67;69;130;13800
672;090304;HUANCAVELICA;ANGARAES;CCOCHACCASA;84;87;179;17000
673;090305;HUANCAVELICA;ANGARAES;CHINCHO;119;122;235;25500
674;090306;HUANCAVELICA;ANGARAES;CONGALLA;341;350;804;70199.54
675;090307;HUANCAVELICA;ANGARAES;HUANCA-HUANCA;166;165;396;34000
676;090308;HUANCAVELICA;ANGARAES;HUAYLLAY GRANDE;118;126;215;25200
677;090309;HUANCAVELICA;ANGARAES;JULCAMARCA;71;70;159;14000
678;090310;HUANCAVELICA;ANGARAES;SAN ANTONIO DE ANTAPARCO;92;92;181;18400
679;090311;HUANCAVELICA;ANGARAES;SANTO TOMAS DE PATA;157;156;356;31398.44
680;090312;HUANCAVELICA;ANGARAES;SECCLLA;332;333;727;67299.99
681;090401;HUANCAVELICA;CASTROVIRREYNA;CASTROVIRREYNA;306;304;719;61399.97
682;090402;HUANCAVELICA;CASTROVIRREYNA;ARMA;96;100;189;20400
683;090403;HUANCAVELICA;CASTROVIRREYNA;AURAHUA;167;174;423;34500
684;090404;HUANCAVELICA;CASTROVIRREYNA;CAPILLAS;128;129;281;25600
685;090405;HUANCAVELICA;CASTROVIRREYNA;CHUPAMARCA;89;88;213;17500
686;090406;HUANCAVELICA;CASTROVIRREYNA;COCAS;73;74;160;14900
687;090407;HUANCAVELICA;CASTROVIRREYNA;HUACHOS;128;129;295;25900
688;090408;HUANCAVELICA;CASTROVIRREYNA;HUAMATAMBO;37;35;94;7100
689;090409;HUANCAVELICA;CASTROVIRREYNA;MOLLEPAMPA;127;130;272;26500
690;090410;HUANCAVELICA;CASTROVIRREYNA;SAN JUAN;58;59;125;12200
691;090411;HUANCAVELICA;CASTROVIRREYNA;SANTA ANA;57;59;121;11900
692;090412;HUANCAVELICA;CASTROVIRREYNA;TANTARA;72;70;149;14300
693;090413;HUANCAVELICA;CASTROVIRREYNA;TICRAPO;81;81;158;16100
694;090501;HUANCAVELICA;CHURCAMPA;CHURCAMPA;540;525;1067;114199.51
695;090502;HUANCAVELICA;CHURCAMPA;ANCO;675;676;1444;137600
696;090503;HUANCAVELICA;CHURCAMPA;CHINCHIHUASI;270;270;639;54100
697;090504;HUANCAVELICA;CHURCAMPA;EL CARMEN;282;282;585;57100
698;090505;HUANCAVELICA;CHURCAMPA;LA MERCED;46;45;99;10100
699;090506;HUANCAVELICA;CHURCAMPA;LOCROJA;416;415;838;83000
700;090507;HUANCAVELICA;CHURCAMPA;PAUCARBAMBA;516;521;1129;108800
701;090508;HUANCAVELICA;CHURCAMPA;SAN MIGUEL DE MAYOCC;37;38;72;7500
702;090509;HUANCAVELICA;CHURCAMPA;SAN PEDRO DE CORIS;237;241;516;48500
703;090510;HUANCAVELICA;CHURCAMPA;PACHAMARCA;260;257;541;50900
704;090511;HUANCAVELICA;CHURCAMPA;COSME;342;341;824;69100
705;090601;HUANCAVELICA;HUAYTARA;HUAYTARA;82;77;158;15300
706;090602;HUANCAVELICA;HUAYTARA;AYAVI;56;58;113;11800
707;090603;HUANCAVELICA;HUAYTARA;CORDOVA;60;62;108;12600
708;090604;HUANCAVELICA;HUAYTARA;HUAYACUNDO ARMA;19;19;39;4000
709;090605;HUANCAVELICA;HUAYTARA;LARAMARCA;51;51;112;10600
710;090606;HUANCAVELICA;HUAYTARA;OCOYO;91;92;203;18500
711;090607;HUANCAVELICA;HUAYTARA;PILPICHACA;442;434;1130;86900
712;090608;HUANCAVELICA;HUAYTARA;QUERCO;71;75;152;14700
713;090609;HUANCAVELICA;HUAYTARA;QUITO헤RMA;72;76;152;14800
714;090610;HUANCAVELICA;HUAYTARA;SAN ANTONIO DE CUSICANCHA;148;150;349;30600
715;090611;HUANCAVELICA;HUAYTARA;SAN FRANCISCO DE SANGAYAICO;72;70;166;14700
716;090612;HUANCAVELICA;HUAYTARA;SAN ISIDRO;55;56;102;11000
717;090613;HUANCAVELICA;HUAYTARA;SANTIAGO DE CHOCORVOS;162;161;337;32400
718;090614;HUANCAVELICA;HUAYTARA;SANTIAGO DE QUIRAHUARA;35;34;76;6900
719;090615;HUANCAVELICA;HUAYTARA;SANTO DOMINGO DE CAPILLAS;62;63;141;12900
720;090616;HUANCAVELICA;HUAYTARA;TAMBO;54;57;115;11300
721;090701;HUANCAVELICA;TAYACAJA;PAMPAS;685;686;1293;145900
722;090702;HUANCAVELICA;TAYACAJA;ACOSTAMBO;406;416;793;85100
723;090703;HUANCAVELICA;TAYACAJA;ACRAQUIA;461;469;768;95700
724;090704;HUANCAVELICA;TAYACAJA;AHUAYCHA;494;500;997;100800
725;090705;HUANCAVELICA;TAYACAJA;COLCABAMBA;1356;1359;2616;280299.99
726;090706;HUANCAVELICA;TAYACAJA;DANIEL HERNANDEZ;705;730;1381;143299.51
727;090707;HUANCAVELICA;TAYACAJA;HUACHOCOLPA;396;399;805;83200
728;090709;HUANCAVELICA;TAYACAJA;HUARIBAMBA;355;356;647;72899.89
729;090710;HUANCAVELICA;TAYACAJA;헤HUIMPUQUIO;147;146;270;29400
730;090711;HUANCAVELICA;TAYACAJA;PAZOS;610;612;1190;124500
731;090713;HUANCAVELICA;TAYACAJA;QUISHUAR;107;105;212;20800
732;090714;HUANCAVELICA;TAYACAJA;SALCABAMBA;490;494;1054;101500
733;090715;HUANCAVELICA;TAYACAJA;SALCAHUASI;311;322;649;63200
734;090716;HUANCAVELICA;TAYACAJA;SAN MARCOS DE ROCCHAC;199;202;364;41200
735;090717;HUANCAVELICA;TAYACAJA;SURCUBAMBA;623;622;1294;123900
736;090718;HUANCAVELICA;TAYACAJA;TINTAY PUNCU;375;367;741;73800
737;090719;HUANCAVELICA;TAYACAJA;QUICHUAS;414;402;942;82000
738;090720;HUANCAVELICA;TAYACAJA;ANDAYMARCA;278;262;637;53500
739;090721;HUANCAVELICA;TAYACAJA;ROBLE;178;170;359;34200
740;090722;HUANCAVELICA;TAYACAJA;PICHOS;198;198;430;41800
741;090723;HUANCAVELICA;TAYACAJA;SANTIAGO DE TUCUMA;184;183;415;38200
742;100103;HUANUCO;HUANUCO;CHINCHAO;1513;1450;2560;301999.99
743;100104;HUANUCO;HUANUCO;CHURUBAMBA;2236;2209;4181;447699.51
744;100105;HUANUCO;HUANUCO;MARGOS;593;595;1117;121400
745;100106;HUANUCO;HUANUCO;QUISQUI;455;454;910;93900
746;100107;HUANUCO;HUANUCO;SAN FRANCISCO DE CAYRAN;229;231;425;45500
747;100108;HUANUCO;HUANUCO;SAN PEDRO DE CHAULAN;394;390;887;81399.45
748;100109;HUANUCO;HUANUCO;SANTA MARIA DEL VALLE;2270;2214;4222;448599.47
749;100110;HUANUCO;HUANUCO;YARUMAYO;249;249;494;50700
750;100112;HUANUCO;HUANUCO;YACUS;266;270;560;53300
751;100113;HUANUCO;HUANUCO;SAN PABLO DE PILLAO;933;906;1710;189799.87
752;100201;HUANUCO;AMBO;AMBO;1420;1348;2764;279199.53
753;100202;HUANUCO;AMBO;CAYNA;298;292;570;61498.59
754;100203;HUANUCO;AMBO;COLPAS;198;198;432;40500
755;100204;HUANUCO;AMBO;CONCHAMARCA;520;517;910;108300
756;100205;HUANUCO;AMBO;HUACAR;777;767;1271;157200
757;100206;HUANUCO;AMBO;SAN FRANCISCO;211;212;410;42700
758;100207;HUANUCO;AMBO;SAN RAFAEL;1007;970;1905;198399.99
759;100208;HUANUCO;AMBO;TOMAY KICHWA;175;178;325;35500
760;100301;HUANUCO;DOS DE MAYO;LA UNION;301;302;594;59100
761;100307;HUANUCO;DOS DE MAYO;CHUQUIS;457;470;957;95600
762;100311;HUANUCO;DOS DE MAYO;MARIAS;734;717;1581;150100
763;100313;HUANUCO;DOS DE MAYO;PACHAS;575;577;1187;114800
764;100316;HUANUCO;DOS DE MAYO;QUIVILLA;78;79;176;15800
765;100317;HUANUCO;DOS DE MAYO;RIPAN;609;612;1254;124200
766;100321;HUANUCO;DOS DE MAYO;SHUNQUI;257;262;481;53300
767;100322;HUANUCO;DOS DE MAYO;SILLAPATA;265;262;533;53500
768;100323;HUANUCO;DOS DE MAYO;YANAS;298;287;573;58100
769;100401;HUANUCO;HUACAYBAMBA;HUACAYBAMBA;704;686;1633;143000
770;100402;HUANUCO;HUACAYBAMBA;CANCHABAMBA;434;430;987;88200
771;100403;HUANUCO;HUACAYBAMBA;COCHABAMBA;150;148;332;31900
772;100404;HUANUCO;HUACAYBAMBA;PINRA;917;925;1879;191100
773;100501;HUANUCO;HUAMALIES;LLATA;1427;1410;2823;303199.76
774;100502;HUANUCO;HUAMALIES;ARANCAY;209;211;441;42900
775;100503;HUANUCO;HUAMALIES;CHAVIN DE PARIARCA;516;519;1054;105498.86
776;100504;HUANUCO;HUAMALIES;JACAS GRANDE;804;804;1706;162499.88
777;100505;HUANUCO;HUAMALIES;JIRCAN;178;171;426;34500
778;100506;HUANUCO;HUAMALIES;MIRAFLORES;428;427;896;89000
779;100507;HUANUCO;HUAMALIES;MONZON;943;924;1805;182200
780;100508;HUANUCO;HUAMALIES;PUNCHAO;265;267;520;53400
781;100509;HUANUCO;HUAMALIES;PU헲S;590;595;1322;120699.51
782;100510;HUANUCO;HUAMALIES;SINGA;402;406;804;81500
783;100511;HUANUCO;HUAMALIES;TANTAMAYO;223;233;469;47500
784;100602;HUANUCO;LEONCIO PRADO;DANIEL ALOMIAS ROBLES;691;661;1273;137900
785;100603;HUANUCO;LEONCIO PRADO;HERMILIO VALDIZAN;469;460;836;95800
786;100604;HUANUCO;LEONCIO PRADO;JOSE CRESPO Y CASTILLO;1466;1287;2823;276200
787;100605;HUANUCO;LEONCIO PRADO;LUYANDO;384;379;725;74300
788;100606;HUANUCO;LEONCIO PRADO;MARIANO DAMASO BERAUN;1110;1079;1961;223199.51
789;100607;HUANUCO;LEONCIO PRADO;PUCAYACU;438;422;870;90700
790;100609;HUANUCO;LEONCIO PRADO;PUEBLO NUEVO;421;402;803;85500
791;100610;HUANUCO;LEONCIO PRADO;SANTO DOMINGO DE ANDA;254;250;479;52200
792;100701;HUANUCO;MARA헲N;HUACRACHUCO;1967;1922;4480;393299.99
793;100702;HUANUCO;MARA헲N;CHOLON;818;771;1566;159700
794;100703;HUANUCO;MARA헲N;SAN BUENAVENTURA;388;380;941;76600
795;100704;HUANUCO;MARA헲N;LA MORADA;373;361;698;82200
796;100705;HUANUCO;MARA헲N;SANTA ROSA DE ALTO JAYANANCA;285;268;587;64000
797;100801;HUANUCO;PACHITEA;PANAO;2302;2248;4673;472300
798;100802;HUANUCO;PACHITEA;CHAGLLA;1346;1300;2409;269200
799;100803;HUANUCO;PACHITEA;MOLINO;1531;1475;3028;302299.64
800;100804;HUANUCO;PACHITEA;UMARI;1759;1749;3264;359699.44
801;100901;HUANUCO;PUERTO INCA;PUERTO INCA;741;690;1646;166100
802;100902;HUANUCO;PUERTO INCA;CODO DEL POZUZO;305;294;656;58400
803;100903;HUANUCO;PUERTO INCA;HONORIA;242;241;529;48100
804;100904;HUANUCO;PUERTO INCA;TOURNAVISTA;222;210;497;46500
805;100905;HUANUCO;PUERTO INCA;YUYAPICHIS;219;212;489;43600
806;101001;HUANUCO;LAURICOCHA;JESUS;469;467;936;93800
807;101002;HUANUCO;LAURICOCHA;BA헲S;182;180;387;35700
808;101003;HUANUCO;LAURICOCHA;JIVIA;93;96;203;19200
809;101004;HUANUCO;LAURICOCHA;QUEROPALCA;39;39;84;7800
810;101005;HUANUCO;LAURICOCHA;RONDOS;601;610;1235;125699.7
811;101006;HUANUCO;LAURICOCHA;SAN FRANCISCO DE ASIS;157;161;321;32400
812;101007;HUANUCO;LAURICOCHA;SAN MIGUEL DE CAURI;554;558;1272;114699.62
813;101101;HUANUCO;YAROWILCA;CHAVINILLO;701;691;1588;138199.94
814;101102;HUANUCO;YAROWILCA;CAHUAC;122;126;247;25100
815;101103;HUANUCO;YAROWILCA;CHACABAMBA;142;149;328;30800
816;101104;HUANUCO;YAROWILCA;APARICIO POMARES;736;744;1479;152300
817;101105;HUANUCO;YAROWILCA;JACAS CHICO;108;104;223;21000
818;101106;HUANUCO;YAROWILCA;OBAS;562;564;1016;114600
819;101107;HUANUCO;YAROWILCA;PAMPAMARCA;163;161;353;33500
820;101108;HUANUCO;YAROWILCA;CHORAS;312;309;619;63400
821;120104;JUNIN;HUANCAYO;CARHUACALLANGA;1;1;2;100
822;120105;JUNIN;HUANCAYO;CHACAPAMPA;65;64;132;12700
823;120106;JUNIN;HUANCAYO;CHICCHE;25;26;53;5100
824;120108;JUNIN;HUANCAYO;CHONGOS ALTO;71;73;144;14800
825;120112;JUNIN;HUANCAYO;COLCA;81;81;169;16300
826;120113;JUNIN;HUANCAYO;CULLHUAS;120;117;221;24800
827;120116;JUNIN;HUANCAYO;HUACRAPUQUIO;109;106;212;22000
828;120119;JUNIN;HUANCAYO;HUANCAN;197;196;348;38400
829;120120;JUNIN;HUANCAYO;HUASICANCHA;69;68;174;13800
830;120122;JUNIN;HUANCAYO;INGENIO;59;54;122;10700
831;120124;JUNIN;HUANCAYO;PARIAHUANCA;629;626;1334;125299.68
832;120125;JUNIN;HUANCAYO;PILCOMAYO;59;56;114;11200
833;120126;JUNIN;HUANCAYO;PUCARA;336;329;655;69400
834;120127;JUNIN;HUANCAYO;QUICHUAY;56;56;115;11000
835;120128;JUNIN;HUANCAYO;QUILCAS;114;116;234;22900
836;120132;JUNIN;HUANCAYO;SA헲;82;81;141;16100
837;120133;JUNIN;HUANCAYO;SAPALLANGA;307;271;587;53200
838;120134;JUNIN;HUANCAYO;SICAYA;252;252;497;49400
839;120135;JUNIN;HUANCAYO;SANTO DOMINGO DE ACOBAMBA;683;677;1582;137599.48
840;120201;JUNIN;CONCEPCION;CONCEPCION;181;178;350;34200
841;120202;JUNIN;CONCEPCION;ACO;132;135;233;27200
842;120203;JUNIN;CONCEPCION;ANDAMARCA;494;487;1148;98700
843;120204;JUNIN;CONCEPCION;CHAMBARA;247;241;515;48200
844;120205;JUNIN;CONCEPCION;COCHAS;148;145;294;30100
845;120206;JUNIN;CONCEPCION;COMAS;514;500;1056;99800
846;120207;JUNIN;CONCEPCION;HEROINAS TOLEDO;77;74;140;14700
847;120209;JUNIN;CONCEPCION;MARISCAL CASTILLA;145;140;302;27700
848;120211;JUNIN;CONCEPCION;MITO;34;35;60;6900
849;120213;JUNIN;CONCEPCION;ORCOTUNA;105;103;196;20200
850;120214;JUNIN;CONCEPCION;SAN JOSE DE QUERO;201;199;424;42800
851;120215;JUNIN;CONCEPCION;SANTA ROSA DE OCOPA;50;52;81;10200
852;120301;JUNIN;CHANCHAMAYO;CHANCHAMAYO;60;54;109;14200
853;120302;JUNIN;CHANCHAMAYO;PERENE;701;671;1458;149800
854;120303;JUNIN;CHANCHAMAYO;PICHANAQUI;565;542;1215;136400
855;120304;JUNIN;CHANCHAMAYO;SAN LUIS DE SHUARO;21;19;30;4700
856;120401;JUNIN;JAUJA;JAUJA;160;154;325;30400
857;120402;JUNIN;JAUJA;ACOLLA;185;191;331;38000
858;120405;JUNIN;JAUJA;CANCHAYLLO;12;12;25;2300
859;120406;JUNIN;JAUJA;CURICACA;26;27;49;5400
860;120407;JUNIN;JAUJA;EL MANTARO;86;83;167;16500
861;120411;JUNIN;JAUJA;JANJAILLO;41;42;82;8400
862;120412;JUNIN;JAUJA;JULCAN;64;69;117;14200
863;120413;JUNIN;JAUJA;LEONOR ORDO헨Z;61;63;103;12600
864;120415;JUNIN;JAUJA;MARCO;144;140;266;29000
865;120416;JUNIN;JAUJA;MASMA;176;177;339;35700
866;120417;JUNIN;JAUJA;MASMA CHICCHE;66;62;141;12800
867;120418;JUNIN;JAUJA;MOLINOS;129;129;251;25799.96
868;120421;JUNIN;JAUJA;MUQUIYAUYO;88;86;169;17100
869;120422;JUNIN;JAUJA;PACA;66;66;123;13800
870;120423;JUNIN;JAUJA;PACCHA;98;108;169;21500
871;120424;JUNIN;JAUJA;PANCAN;62;66;97;13200
872;120425;JUNIN;JAUJA;PARCO;28;31;63;6100
873;120426;JUNIN;JAUJA;POMACANCHA;111;111;225;23800
874;120427;JUNIN;JAUJA;RICRAN;101;100;215;19999.96
875;120428;JUNIN;JAUJA;SAN LORENZO;82;80;167;15600
876;120431;JUNIN;JAUJA;SINCOS;308;311;588;64200
877;120432;JUNIN;JAUJA;TUNAN MARCA;73;73;132;14600
878;120502;JUNIN;JUNIN;CARHUAMAYO;271;247;569;52500
879;120504;JUNIN;JUNIN;ULCUMAYO;331;334;662;67200
880;120601;JUNIN;SATIPO;SATIPO;375;357;975;77700
881;120602;JUNIN;SATIPO;COVIRIALI;24;22;56;4500
882;120603;JUNIN;SATIPO;LLAYLLA;382;378;742;75800
883;120604;JUNIN;SATIPO;MAZAMARI;1660;1614;3885;321000
884;120605;JUNIN;SATIPO;PAMPA HERMOSA;227;220;455;43400
885;120606;JUNIN;SATIPO;PANGOA;2637;2550;6899;520500
886;120607;JUNIN;SATIPO;RIO NEGRO;1107;1082;2232;217600
887;120608;JUNIN;SATIPO;RIO TAMBO;3228;3084;8204;634699.6
888;120609;JUNIN;SATIPO;VIZCATAN DEL ENE;53;52;112;10500
889;120703;JUNIN;TARMA;HUARICOLCA;149;154;303;31400
890;120704;JUNIN;TARMA;HUASAHUASI;609;591;1093;133000
891;120706;JUNIN;TARMA;PALCA;249;243;432;53200
892;120707;JUNIN;TARMA;PALCAMAYO;206;184;357;37400
893;120708;JUNIN;TARMA;SAN PEDRO DE CAJAS;191;173;352;35900
894;120709;JUNIN;TARMA;TAPO;313;321;575;64600
895;120803;JUNIN;YAULI;HUAY헫UAY;19;22;33;4400
896;120804;JUNIN;YAULI;MARCAPOMACOCHA;9;8;28;1600
897;120805;JUNIN;YAULI;MOROCOCHA;21;18;46;3400
898;120809;JUNIN;YAULI;SUITUCANCHA;15;14;39;2200
899;120901;JUNIN;CHUPACA;CHUPACA;171;163;329;31300
900;120902;JUNIN;CHUPACA;AHUAC;148;139;270;27300
901;120903;JUNIN;CHUPACA;CHONGOS BAJO;128;124;252;24400
902;120905;JUNIN;CHUPACA;HUAMANCACA CHICO;104;98;185;19200
903;120906;JUNIN;CHUPACA;SAN JUAN DE YSCOS;53;53;95;10300
904;120907;JUNIN;CHUPACA;SAN JUAN DE JARPA;199;206;363;42200
905;120908;JUNIN;CHUPACA;TRES DE DICIEMBRE;134;121;255;23900
906;120909;JUNIN;CHUPACA;YANACANCHA;190;192;387;39700
907;130102;LA LIBERTAD;TRUJILLO;EL PORVENIR;2858;2746;5596;535800
908;130108;LA LIBERTAD;TRUJILLO;POROTO;253;247;455;57800
909;130109;LA LIBERTAD;TRUJILLO;SALAVERRY;601;578;1195;119800
910;130110;LA LIBERTAD;TRUJILLO;SIMBAL;376;346;646;75600
911;130205;LA LIBERTAD;ASCOPE;PAIJAN;579;574;1156;111200
912;130206;LA LIBERTAD;ASCOPE;RAZURI;167;160;313;31400
913;130301;LA LIBERTAD;BOLIVAR;BOLIVAR;445;433;1011;91100
914;130302;LA LIBERTAD;BOLIVAR;BAMBAMARCA;559;531;1259;108300
915;130303;LA LIBERTAD;BOLIVAR;CONDORMARCA;247;247;558;51200
916;130304;LA LIBERTAD;BOLIVAR;LONGOTEA;156;149;332;29700
917;130305;LA LIBERTAD;BOLIVAR;UCHUMARCA;282;287;599;59000
918;130306;LA LIBERTAD;BOLIVAR;UCUNCHA;106;106;218;21300
919;130401;LA LIBERTAD;CHEPEN;CHEPEN;984;976;1688;190900
920;130402;LA LIBERTAD;CHEPEN;PACANGA;1332;1238;2381;280700
921;130403;LA LIBERTAD;CHEPEN;PUEBLO NUEVO;470;447;850;88400
922;130501;LA LIBERTAD;JULCAN;JULCAN;1457;1448;2778;291799.91
923;130502;LA LIBERTAD;JULCAN;CALAMARCA;750;756;1579;153000
924;130503;LA LIBERTAD;JULCAN;CARABAMBA;738;730;1562;146300
925;130504;LA LIBERTAD;JULCAN;HUASO;733;735;1630;148500
926;130601;LA LIBERTAD;OTUZCO;OTUZCO;2439;2373;4441;482700
927;130602;LA LIBERTAD;OTUZCO;AGALLPAMPA;1173;1153;2172;234399.98
928;130604;LA LIBERTAD;OTUZCO;CHARAT;251;250;473;52400
929;130605;LA LIBERTAD;OTUZCO;HUARANCHAL;280;263;586;52700
930;130606;LA LIBERTAD;OTUZCO;LA CUESTA;83;82;163;16200
931;130608;LA LIBERTAD;OTUZCO;MACHE;301;297;549;61100
932;130610;LA LIBERTAD;OTUZCO;PARANDAY;58;58;117;12100
933;130611;LA LIBERTAD;OTUZCO;SALPO;531;528;983;109100
934;130613;LA LIBERTAD;OTUZCO;SINSICAP;1022;1020;2024;210000
935;130614;LA LIBERTAD;OTUZCO;USQUIL;2251;2234;4441;464599.9
936;130702;LA LIBERTAD;PACASMAYO;GUADALUPE;840;783;1559;152900
937;130705;LA LIBERTAD;PACASMAYO;SAN JOSE;1029;972;1792;213900
938;130801;LA LIBERTAD;PATAZ;TAYABAMBA;1400;1378;3018;283799.94
939;130802;LA LIBERTAD;PATAZ;BULDIBUYO;406;411;842;83500
940;130803;LA LIBERTAD;PATAZ;CHILLIA;1912;1908;4666;399800
941;130804;LA LIBERTAD;PATAZ;HUANCASPATA;742;753;1688;152099.45
942;130805;LA LIBERTAD;PATAZ;HUAYLILLAS;117;108;234;22500
943;130806;LA LIBERTAD;PATAZ;HUAYO;499;496;1095;100499.76
944;130807;LA LIBERTAD;PATAZ;ONGON;178;181;381;36799.9
945;130808;LA LIBERTAD;PATAZ;PARCOY;725;689;1596;140699.99
946;130809;LA LIBERTAD;PATAZ;PATAZ;281;256;672;55800
947;130810;LA LIBERTAD;PATAZ;PIAS;91;94;211;18900
948;130811;LA LIBERTAD;PATAZ;SANTIAGO DE CHALLAS;277;290;584;59400
949;130812;LA LIBERTAD;PATAZ;TAURIJA;384;379;867;81600
950;130813;LA LIBERTAD;PATAZ;URPAY;268;271;605;54500
951;130901;LA LIBERTAD;SANCHEZ CARRION;HUAMACHUCO;3838;3765;7967;746599.14
952;130902;LA LIBERTAD;SANCHEZ CARRION;CHUGAY;2443;2399;5287;506400
953;130903;LA LIBERTAD;SANCHEZ CARRION;COCHORCO;1018;1001;2376;207100
954;130904;LA LIBERTAD;SANCHEZ CARRION;CURGOS;1124;1123;2404;226799.99
955;130905;LA LIBERTAD;SANCHEZ CARRION;MARCABAL;1848;1853;3842;374099.34
956;130906;LA LIBERTAD;SANCHEZ CARRION;SANAGORAN;1645;1575;3713;316200
957;130907;LA LIBERTAD;SANCHEZ CARRION;SARIN;1201;1199;2822;242299.84
958;130908;LA LIBERTAD;SANCHEZ CARRION;SARTIMBAMBA;1475;1401;3400;289000
959;131001;LA LIBERTAD;SANTIAGO DE CHUCO;SANTIAGO DE CHUCO;2170;2184;4552;447199.23
960;131002;LA LIBERTAD;SANTIAGO DE CHUCO;ANGASMARCA;453;454;926;93100
961;131003;LA LIBERTAD;SANTIAGO DE CHUCO;CACHICADAN;442;446;857;89200
962;131004;LA LIBERTAD;SANTIAGO DE CHUCO;MOLLEBAMBA;228;230;454;46700
963;131005;LA LIBERTAD;SANTIAGO DE CHUCO;MOLLEPATA;255;257;530;52400
964;131006;LA LIBERTAD;SANTIAGO DE CHUCO;QUIRUVILCA;863;833;1845;168200
965;131007;LA LIBERTAD;SANTIAGO DE CHUCO;SANTA CRUZ DE CHUCA;334;337;710;71200
966;131008;LA LIBERTAD;SANTIAGO DE CHUCO;SITABAMBA;391;395;930;79599.98
967;131101;LA LIBERTAD;GRAN CHIMU;CASCAS;1097;1067;1920;223700
968;131102;LA LIBERTAD;GRAN CHIMU;LUCMA;598;601;1242;120900
969;131103;LA LIBERTAD;GRAN CHIMU;MARMOT;219;214;392;42600
970;131104;LA LIBERTAD;GRAN CHIMU;SAYAPULLO;652;634;1345;129300
971;131201;LA LIBERTAD;VIRU;VIRU;907;869;1902;170900
972;131202;LA LIBERTAD;VIRU;CHAO;1520;1310;2928;295100
973;131203;LA LIBERTAD;VIRU;GUADALUPITO;521;500;981;98100
974;140202;LAMBAYEQUE;FERRE헤FE;CA헤RIS;1514;1473;4021;319508.86
975;140203;LAMBAYEQUE;FERRE헤FE;INCAHUASI;1861;1790;4895;408600
976;140302;LAMBAYEQUE;LAMBAYEQUE;CHOCHOPE;193;196;384;44500
977;140306;LAMBAYEQUE;LAMBAYEQUE;MORROPE;3726;3472;9193;895200
978;140310;LAMBAYEQUE;LAMBAYEQUE;SALAS;1642;1618;3393;358300
979;150301;LIMA;CAJATAMBO;CAJATAMBO;187;180;399;43199.86
980;150302;LIMA;CAJATAMBO;COPA;106;99;223;25200
981;150303;LIMA;CAJATAMBO;GORGOR;114;107;236;24891.58
982;150304;LIMA;CAJATAMBO;HUANCAPON;102;102;203;21200
983;150305;LIMA;CAJATAMBO;MANAS;50;49;97;12000
984;150706;LIMA;HUAROCHIRI;CUENCA;30;29;65;6500
985;150711;LIMA;HUAROCHIRI;LANGA;87;81;172;18600
986;150715;LIMA;HUAROCHIRI;SAN ANDRES DE TUPICOCHA;125;106;274;22400
987;150718;LIMA;HUAROCHIRI;SAN DAMIAN;129;126;278;26100
988;150726;LIMA;HUAROCHIRI;SANGALLAYA;48;39;101;12500
989;150730;LIMA;HUAROCHIRI;SANTIAGO DE TUNA;34;31;61;6000
990;150802;LIMA;HUAURA;AMBAR;317;307;567;72200
991;150804;LIMA;HUAURA;CHECRAS;88;88;155;18000
992;151005;LIMA;YAUYOS;AZANGARO;42;41;92;11300
993;151009;LIMA;YAUYOS;CHOCOS;87;89;183;21000
994;151011;LIMA;YAUYOS;COLONIA;135;131;263;29700
995;151012;LIMA;YAUYOS;HONGOS;42;42;88;8700
996;151015;LIMA;YAUYOS;HUANGASCAR;47;48;90;11900
997;151016;LIMA;YAUYOS;HUANTAN;55;55;124;14500
998;151019;LIMA;YAUYOS;LINCHA;63;60;130;17800
999;151020;LIMA;YAUYOS;MADEAN;79;76;191;18200
1000;151024;LIMA;YAUYOS;QUINCHES;43;45;86;12200
1001;151031;LIMA;YAUYOS;TUPE;58;57;118;12000
1002;151032;LIMA;YAUYOS;VI헤C;203;189;459;49700
1003;151033;LIMA;YAUYOS;VITIS;24;24;31;4800
1004;160102;LORETO;MAYNAS;ALTO NANAY;420;403;1001;82900
1005;160103;LORETO;MAYNAS;FERNANDO LORES;1754;1715;4145;350599.94
1006;160104;LORETO;MAYNAS;INDIANA;1388;1356;3354;272400
1007;160105;LORETO;MAYNAS;LAS AMAZONAS;1126;1053;2718;211399.98
1008;160106;LORETO;MAYNAS;MAZAN;1817;1693;4288;344500
1009;160107;LORETO;MAYNAS;NAPO;1659;1603;4558;332200
1010;160108;LORETO;MAYNAS;PUNCHANA;260;235;608;51800
1011;160110;LORETO;MAYNAS;TORRES CAUSANA;763;740;2345;149100
1012;160112;LORETO;MAYNAS;BELEN;8;8;25;1600
1013;160113;LORETO;MAYNAS;SAN JUAN BAUTISTA;3845;3583;7837;685900
1014;160201;LORETO;ALTO AMAZONAS;YURIMAGUAS;7716;7165;16788;1517999.18
1015;160202;LORETO;ALTO AMAZONAS;BALSAPUERTO;2595;2522;8199;517599.75
1016;160205;LORETO;ALTO AMAZONAS;JEBEROS;571;562;1608;121100
1017;160206;LORETO;ALTO AMAZONAS;LAGUNAS;1619;1545;3971;339400
1018;160210;LORETO;ALTO AMAZONAS;SANTA CRUZ;544;541;1390;117400
1019;160211;LORETO;ALTO AMAZONAS;TENIENTE CESAR LOPEZ ROJAS;806;788;1940;166899.94
1020;160301;LORETO;LORETO;NAUTA;2814;2631;6737;513000
1021;160302;LORETO;LORETO;PARINARI;813;796;2007;157100
1022;160303;LORETO;LORETO;TIGRE;1216;1164;2983;236100
1023;160304;LORETO;LORETO;TROMPETEROS;972;926;2245;181800
1024;160305;LORETO;LORETO;URARINAS;1867;1744;3934;343099.31
1025;160401;LORETO;MARISCAL RAMON CASTILLA;RAMON CASTILLA;2647;2514;6327;495700
1026;160402;LORETO;MARISCAL RAMON CASTILLA;PEBAS;1363;1341;3674;277799.75
1027;160403;LORETO;MARISCAL RAMON CASTILLA;YAVARI;600;587;1419;121400
1028;160404;LORETO;MARISCAL RAMON CASTILLA;SAN PABLO;1129;1036;2884;212300
1029;160501;LORETO;REQUENA;REQUENA;2594;2453;6063;484899.93
1030;160502;LORETO;REQUENA;ALTO TAPICHE;157;146;382;28700
1031;160503;LORETO;REQUENA;CAPELO;388;379;797;78500
1032;160504;LORETO;REQUENA;EMILIO SAN MARTIN;769;730;1843;162100
1033;160505;LORETO;REQUENA;MAQUIA;960;935;2543;186100
1034;160506;LORETO;REQUENA;PUINAHUA;705;675;1737;134399.84
1035;160507;LORETO;REQUENA;SAQUENA;408;401;1021;80700
1036;160508;LORETO;REQUENA;SOPLIN;87;74;199;13900
1037;160509;LORETO;REQUENA;TAPICHE;95;80;234;15800
1038;160510;LORETO;REQUENA;JENARO HERRERA;568;550;1337;111800
1039;160511;LORETO;REQUENA;YAQUERANA;410;388;1056;77800
1040;160601;LORETO;UCAYALI;CONTAMANA;1434;1391;3765;284200
1041;160602;LORETO;UCAYALI;INAHUAYA;179;169;409;35400
1042;160603;LORETO;UCAYALI;PADRE MARQUEZ;541;506;1490;108399.88
1043;160604;LORETO;UCAYALI;PAMPA HERMOSA;926;882;2199;184900
1044;160605;LORETO;UCAYALI;SARAYACU;1544;1520;3618;314299.55
1045;160606;LORETO;UCAYALI;VARGAS GUERRA;977;970;2517;205099.63
1046;160701;LORETO;DATEM DEL MARA헲N;BARRANCA;1912;1768;5014;374400
1047;160702;LORETO;DATEM DEL MARA헲N;CAHUAPANAS;1213;1183;3744;238399.94
1048;160703;LORETO;DATEM DEL MARA헲N;MANSERICHE;1360;1312;3768;267299.96
1049;160704;LORETO;DATEM DEL MARA헲N;MORONA;1191;1114;3801;235700
1050;160705;LORETO;DATEM DEL MARA헲N;PASTAZA;1067;1032;3293;216600
1051;160706;LORETO;DATEM DEL MARA헲N;ANDOAS;1677;1635;4805;333400
1052;160801;LORETO;PUTUMAYO;PUTUMAYO;372;341;759;69500
1053;160802;LORETO;PUTUMAYO;ROSA PANDURO;75;69;167;13800
1054;160803;LORETO;PUTUMAYO;TENIENTE MANUEL CLAVERO;318;304;646;69800
1055;160804;LORETO;PUTUMAYO;YAGUAS;220;210;521;45900
1056;170101;MADRE DE DIOS;TAMBOPATA;TAMBOPATA;240;223;520;44400
1057;170102;MADRE DE DIOS;TAMBOPATA;INAMBARI;6;6;7;1200
1058;170103;MADRE DE DIOS;TAMBOPATA;LAS PIEDRAS;13;12;23;2400
1059;170104;MADRE DE DIOS;TAMBOPATA;LABERINTO;9;9;22;1800
1060;170201;MADRE DE DIOS;MANU;MANU;54;55;117;11000
1061;170202;MADRE DE DIOS;MANU;FITZCARRALD;142;135;385;27000
1062;170203;MADRE DE DIOS;MANU;MADRE DE DIOS;85;84;172;17500
1063;170204;MADRE DE DIOS;MANU;HUEPETUHE;5;5;7;1000
1064;170301;MADRE DE DIOS;TAHUAMANU;I헤PARI;17;15;33;3000
1065;170302;MADRE DE DIOS;TAHUAMANU;IBERIA;1;1;1;200
1066;190101;PASCO;PASCO;CHAUPIMARCA;334;332;620;65600
1067;190102;PASCO;PASCO;HUACHON;270;263;523;54200
1068;190104;PASCO;PASCO;HUAYLLAY;113;108;201;21400
1069;190105;PASCO;PASCO;NINACACA;343;347;649;71100
1070;190106;PASCO;PASCO;PALLANCHACRA;130;128;227;26600
1071;190107;PASCO;PASCO;PAUCARTAMBO;873;852;1593;173299.86
1072;190108;PASCO;PASCO;SAN FRANCISCO DE ASIS DE YARUSYACAN;200;199;347;41800
1073;190110;PASCO;PASCO;TICLACAYAN;215;212;369;44200
1074;190112;PASCO;PASCO;VICCO;105;100;209;20100
1075;190201;PASCO;DANIEL ALCIDES CARRION;YANAHUANCA;707;702;1361;143999.9
1076;190202;PASCO;DANIEL ALCIDES CARRION;CHACAYAN;125;126;223;25299.73
1077;190203;PASCO;DANIEL ALCIDES CARRION;GOYLLARISQUIZGA;21;19;33;3800
1078;190204;PASCO;DANIEL ALCIDES CARRION;PAUCAR;193;194;387;40100
1079;190205;PASCO;DANIEL ALCIDES CARRION;SAN PEDRO DE PILLAO;89;85;185;17300
1080;190206;PASCO;DANIEL ALCIDES CARRION;SANTA ANA DE TUSI;371;382;707;78000
1081;190207;PASCO;DANIEL ALCIDES CARRION;TAPUC;164;163;286;33200
1082;190208;PASCO;DANIEL ALCIDES CARRION;VILCABAMBA;68;69;121;14600
1083;190301;PASCO;OXAPAMPA;OXAPAMPA;113;110;194;21200
1084;190303;PASCO;OXAPAMPA;HUANCABAMBA;403;395;684;98800
1085;190304;PASCO;OXAPAMPA;PALCAZU;733;717;1509;157600
1086;190305;PASCO;OXAPAMPA;POZUZO;398;380;777;77599.72
1087;190306;PASCO;OXAPAMPA;PUERTO BERMUDEZ;1859;1762;4566;372299.63
1088;190307;PASCO;OXAPAMPA;VILLA RICA;866;834;1573;177900
1089;190308;PASCO;OXAPAMPA;CONSTITUCION;857;824;1964;176299.57
1090;200105;PIURA;PIURA;CATACAOS;5922;5695;12847;1199499.77
1091;200107;PIURA;PIURA;CURA MORI;2325;2287;5027;479499.85
1092;200108;PIURA;PIURA;EL TALLAN;722;721;1759;149000
1093;200109;PIURA;PIURA;LA ARENA;4106;4018;9229;810400
1094;200110;PIURA;PIURA;LA UNION;3811;3714;8740;764600
1095;200111;PIURA;PIURA;LAS LOMAS;3831;3773;7572;804099.98
1096;200114;PIURA;PIURA;TAMBO GRANDE;8870;8519;18519;1948099.99
1097;200201;PIURA;AYABACA;AYABACA;4111;4115;9497;851499.3
1098;200202;PIURA;AYABACA;FRIAS;2886;2945;7031;595199.48
1099;200203;PIURA;AYABACA;JILILI;345;352;712;71300
1100;200204;PIURA;AYABACA;LAGUNAS;813;818;2122;162700
1101;200205;PIURA;AYABACA;MONTERO;718;720;1509;161499.78
1102;200206;PIURA;AYABACA;PACAIPAMPA;2881;2758;7466;573999.99
1103;200207;PIURA;AYABACA;PAIMAS;1239;1210;2648;256600
1104;200208;PIURA;AYABACA;SAPILLICA;1546;1541;3981;317900
1105;200209;PIURA;AYABACA;SICCHEZ;190;194;368;41800
1106;200210;PIURA;AYABACA;SUYO;1672;1644;3344;346800
1107;200301;PIURA;HUANCABAMBA;HUANCABAMBA;3532;3540;7203;735399.36
1108;200302;PIURA;HUANCABAMBA;CANCHAQUE;799;794;1569;163799.92
1109;200303;PIURA;HUANCABAMBA;EL CARMEN DE LA FRONTERA;1768;1785;3747;366299.64
1110;200304;PIURA;HUANCABAMBA;HUARMACA;4488;4441;10653;891699.65
1111;200305;PIURA;HUANCABAMBA;LALAQUIZ;547;560;1146;113999.88
1112;200306;PIURA;HUANCABAMBA;SAN MIGUEL DE EL FAIQUE;1130;1147;2547;228300
1113;200307;PIURA;HUANCABAMBA;SONDOR;954;955;2185;193899.76
1114;200308;PIURA;HUANCABAMBA;SONDORILLO;1725;1742;3785;357399.41
1115;200401;PIURA;MORROPON;CHULUCANAS;6735;6591;13501;1457599.99
1116;200402;PIURA;MORROPON;BUENOS AIRES;1018;1004;1897;210099.99
1117;200403;PIURA;MORROPON;CHALACO;976;999;2192;206700
1118;200404;PIURA;MORROPON;LA MATANZA;1760;1760;3541;389299.91
1119;200405;PIURA;MORROPON;MORROPON;1554;1531;2887;324199.69
1120;200406;PIURA;MORROPON;SALITRAL;1080;1075;2148;220899.66
1121;200407;PIURA;MORROPON;SAN JUAN DE BIGOTE;909;911;1794;185000
1122;200408;PIURA;MORROPON;SANTA CATALINA DE MOSSA;406;405;820;84700
1123;200409;PIURA;MORROPON;SANTO DOMINGO;708;722;1375;147300
1124;200410;PIURA;MORROPON;YAMANGO;987;1009;2259;209000
1125;200502;PIURA;PAITA;AMOTAPE;126;104;238;20200
1126;200503;PIURA;PAITA;ARENAL;19;19;38;3800
1127;200504;PIURA;PAITA;COLAN;1662;1598;3307;374300
1128;200506;PIURA;PAITA;TAMARINDO;480;487;940;98200
1129;200507;PIURA;PAITA;VICHAYAL;577;551;1241;112900
1130;200603;PIURA;SULLANA;IGNACIO ESCUDERO;1587;1565;3166;307700
1131;200604;PIURA;SULLANA;LANCONES;1380;1356;2615;307200
1132;200606;PIURA;SULLANA;MIGUEL CHECA;1103;1069;2006;214500
1133;200607;PIURA;SULLANA;QUERECOTILLO;2550;2466;4655;534000
1134;200706;PIURA;TALARA;MANCORA;529;521;1071;104000
1135;200802;PIURA;SECHURA;BELLAVISTA DE LA UNION;478;461;994;101800
1136;200803;PIURA;SECHURA;BERNAL;626;583;1356;134500
1137;200804;PIURA;SECHURA;CRISTO NOS VALGA;519;508;1201;107100
1138;200805;PIURA;SECHURA;VICE;1139;1023;2896;229800
1139;210102;PUNO;PUNO;ACORA;1746;1793;2908;369599.82
1140;210103;PUNO;PUNO;AMANTANI;399;410;626;82500
1141;210104;PUNO;PUNO;ATUNCOLLA;508;473;947;95700
1142;210105;PUNO;PUNO;CAPACHICA;475;475;870;97800
1143;210106;PUNO;PUNO;CHUCUITO;486;486;794;102199.8
1144;210107;PUNO;PUNO;COATA;533;537;1068;109400
1145;210108;PUNO;PUNO;HUATA;298;295;627;58600
1146;210109;PUNO;PUNO;MA헤ZO;279;281;531;56800
1147;210110;PUNO;PUNO;PAUCARCOLLA;416;421;703;87000
1148;210111;PUNO;PUNO;PICHACANI;448;439;775;90300
1149;210112;PUNO;PUNO;PLATERIA;488;505;882;106200
1150;210113;PUNO;PUNO;SAN ANTONIO;90;87;174;17500
1151;210114;PUNO;PUNO;TIQUILLACA;90;91;172;19700
1152;210115;PUNO;PUNO;VILQUE;112;116;215;23100
1153;210201;PUNO;AZANGARO;AZANGARO;1992;1993;3807;429399.51
1154;210202;PUNO;AZANGARO;ACHAYA;286;289;562;59300
1155;210203;PUNO;AZANGARO;ARAPA;554;569;1052;117800
1156;210204;PUNO;AZANGARO;ASILLO;1515;1573;2810;324100
1157;210205;PUNO;AZANGARO;CAMINACA;262;265;540;53900
1158;210206;PUNO;AZANGARO;CHUPA;549;576;1000;122000
1159;210207;PUNO;AZANGARO;JOSE DOMINGO CHOQUEHUANCA;366;378;636;75200
1160;210208;PUNO;AZANGARO;MU헤NI;800;799;1569;159700
1161;210209;PUNO;AZANGARO;POTONI;421;434;820;89500
1162;210210;PUNO;AZANGARO;SAMAN;891;903;1874;185300
1163;210211;PUNO;AZANGARO;SAN ANTON;635;627;1205;134800
1164;210212;PUNO;AZANGARO;SAN JOSE;573;598;1004;121000
1165;210213;PUNO;AZANGARO;SAN JUAN DE SALINAS;206;218;372;44000
1166;210214;PUNO;AZANGARO;SANTIAGO DE PUPUJA;393;409;686;84500
1167;210215;PUNO;AZANGARO;TIRAPATA;324;340;644;69100
1168;210301;PUNO;CARABAYA;MACUSANI;1308;1299;2633;258699.28
1169;210302;PUNO;CARABAYA;AJOYANI;166;167;299;33399.98
1170;210303;PUNO;CARABAYA;AYAPATA;674;690;1232;139400
1171;210304;PUNO;CARABAYA;COASA;636;638;1214;129500
1172;210305;PUNO;CARABAYA;CORANI;500;503;1090;100100
1173;210306;PUNO;CARABAYA;CRUCERO;797;798;1570;159700
1174;210307;PUNO;CARABAYA;ITUATA;533;536;1141;113300
1175;210308;PUNO;CARABAYA;OLLACHEA;732;705;1516;141399.19
1176;210309;PUNO;CARABAYA;SAN GABAN;141;143;252;28399.53
1177;210310;PUNO;CARABAYA;USICAYOS;291;298;642;58900
1178;210401;PUNO;CHUCUITO;JULI;820;844;1535;166800
1179;210402;PUNO;CHUCUITO;DESAGUADERO;328;321;670;65800
1180;210403;PUNO;CHUCUITO;HUACULLANI;463;464;842;95400
1181;210404;PUNO;CHUCUITO;KELLUYO;363;367;704;76300
1182;210405;PUNO;CHUCUITO;PISACOMA;209;208;416;42900
1183;210406;PUNO;CHUCUITO;POMATA;622;645;1156;133800
1184;210407;PUNO;CHUCUITO;ZEPITA;1354;1359;2618;281900
1185;210501;PUNO;EL COLLAO;ILAVE;1231;1256;2135;249900
1186;210502;PUNO;EL COLLAO;CAPAZO;70;68;107;15000
1187;210503;PUNO;EL COLLAO;PILCUYO;435;439;729;94400
1188;210504;PUNO;EL COLLAO;SANTA ROSA;275;266;454;53400
1189;210505;PUNO;EL COLLAO;CONDURIRI;215;222;375;45000
1190;210601;PUNO;HUANCANE;HUANCANE;1354;1372;2359;291600
1191;210602;PUNO;HUANCANE;COJATA;428;416;747;83100
1192;210603;PUNO;HUANCANE;HUATASANI;204;210;357;41800
1193;210604;PUNO;HUANCANE;INCHUPALLA;199;209;344;41700
1194;210605;PUNO;HUANCANE;PUSI;299;319;581;63700
1195;210606;PUNO;HUANCANE;ROSASPATA;338;360;610;73500
1196;210607;PUNO;HUANCANE;TARACO;745;760;1363;157899.99
1197;210608;PUNO;HUANCANE;VILQUE CHICO;456;474;870;95700
1198;210701;PUNO;LAMPA;LAMPA;520;525;948;104600
1199;210702;PUNO;LAMPA;CABANILLA;111;118;203;23500
1200;210703;PUNO;LAMPA;CALAPUJA;120;122;242;24000
1201;210704;PUNO;LAMPA;NICASIO;259;259;444;58900
1202;210705;PUNO;LAMPA;OCUVIRI;126;129;253;26700
1203;210706;PUNO;LAMPA;PALCA;190;196;360;40600
1204;210707;PUNO;LAMPA;PARATIA;146;152;253;30300
1205;210708;PUNO;LAMPA;PUCARA;487;482;857;99500
1206;210709;PUNO;LAMPA;SANTA LUCIA;312;282;560;55600
1207;210710;PUNO;LAMPA;VILAVILA;52;52;95;10400
1208;210801;PUNO;MELGAR;AYAVIRI;614;621;1053;123100
1209;210802;PUNO;MELGAR;ANTAUTA;306;315;577;63700
1210;210803;PUNO;MELGAR;CUPI;197;202;346;40200
1211;210804;PUNO;MELGAR;LLALLI;258;268;453;54600
1212;210805;PUNO;MELGAR;MACARI;661;676;1249;136300
1213;210806;PUNO;MELGAR;NU헲A;810;835;1427;168900
1214;210807;PUNO;MELGAR;ORURILLO;882;905;1592;182600
1215;210808;PUNO;MELGAR;SANTA ROSA;511;525;1038;107200
1216;210809;PUNO;MELGAR;UMACHIRI;110;116;201;23000
1217;210901;PUNO;MOHO;MOHO;804;827;1473;166900
1218;210902;PUNO;MOHO;CONIMA;180;182;326;36600
1219;210903;PUNO;MOHO;HUAYRAPATA;211;214;434;43400
1220;210904;PUNO;MOHO;TILALI;126;130;214;26400
1221;211001;PUNO;SAN ANTONIO DE PUTINA;PUTINA;877;853;1611;175700
1222;211002;PUNO;SAN ANTONIO DE PUTINA;ANANEA;136;137;220;27200
1223;211003;PUNO;SAN ANTONIO DE PUTINA;PEDRO VILCA APAZA;145;153;254;30500
1224;211004;PUNO;SAN ANTONIO DE PUTINA;QUILCAPUNCU;443;440;815;90200
1225;211005;PUNO;SAN ANTONIO DE PUTINA;SINA;125;123;259;25000
1226;211101;PUNO;SAN ROMAN;JULIACA;1162;1154;2290;228400
1227;211102;PUNO;SAN ROMAN;CABANA;121;125;232;24800
1228;211103;PUNO;SAN ROMAN;CABANILLAS;67;66;135;13100
1229;211104;PUNO;SAN ROMAN;CARACOTO;468;482;927;99300
1230;211105;PUNO;SAN ROMAN;SAN MIGUEL;215;222;421;44100
1231;211201;PUNO;SANDIA;SANDIA;845;831;1533;163400
1232;211202;PUNO;SANDIA;CUYOCUYO;515;500;867;101700
1233;211203;PUNO;SANDIA;LIMBANI;166;174;296;34700
1234;211204;PUNO;SANDIA;PATAMBUCO;501;503;934;101900
1235;211205;PUNO;SANDIA;PHARA;202;211;354;42100
1236;211206;PUNO;SANDIA;QUIACA;216;215;407;44600
1237;211207;PUNO;SANDIA;SAN JUAN DEL ORO;364;344;564;80100
1238;211208;PUNO;SANDIA;YANAHUAYA;100;97;172;19300
1239;211209;PUNO;SANDIA;ALTO INAMBARI;301;295;525;58500
1240;211301;PUNO;YUNGUYO;YUNGUYO;798;725;1483;149700
1241;211302;PUNO;YUNGUYO;ANAPIA;68;66;129;13200
1242;211303;PUNO;YUNGUYO;COPANI;371;371;754;76000
1243;211304;PUNO;YUNGUYO;CUTURAPI;46;43;86;9500
1244;211305;PUNO;YUNGUYO;OLLARAYA;109;115;178;23400
1245;211306;PUNO;YUNGUYO;TINICACHI;18;18;42;3600
1246;211307;PUNO;YUNGUYO;UNICACHI;35;35;56;7000
1247;220101;SAN MARTIN;MOYOBAMBA;MOYOBAMBA;142;138;364;28200
1248;220104;SAN MARTIN;MOYOBAMBA;JEPELACIO;844;850;1634;169100
1249;220105;SAN MARTIN;MOYOBAMBA;SORITOR;992;982;1919;195400
1250;220202;SAN MARTIN;BELLAVISTA;ALTO BIAVO;1278;1253;2580;290299.96
1251;220203;SAN MARTIN;BELLAVISTA;BAJO BIAVO;508;490;1130;97700
1252;220205;SAN MARTIN;BELLAVISTA;SAN PABLO;585;586;1116;117300
1253;220301;SAN MARTIN;EL DORADO;SAN JOSE DE SISA;1453;1405;2801;321000
1254;220302;SAN MARTIN;EL DORADO;AGUA BLANCA;133;138;235;27500
1255;220303;SAN MARTIN;EL DORADO;SAN MARTIN;1304;1255;2731;276700
1256;220304;SAN MARTIN;EL DORADO;SANTA ROSA;1018;999;1912;209000
1257;220305;SAN MARTIN;EL DORADO;SHATOJA;291;292;568;61800
1258;220401;SAN MARTIN;HUALLAGA;SAPOSOA;580;558;1069;110800
1259;220402;SAN MARTIN;HUALLAGA;ALTO SAPOSOA;378;368;662;77400
1260;220403;SAN MARTIN;HUALLAGA;EL ESLABON;120;119;227;23800
1261;220404;SAN MARTIN;HUALLAGA;PISCOYACU;238;239;472;47600
1262;220501;SAN MARTIN;LAMAS;LAMAS;1298;1247;2313;250200
1263;220502;SAN MARTIN;LAMAS;ALONSO DE ALVARADO;1856;1801;3492;372899.98
1264;220503;SAN MARTIN;LAMAS;BARRANQUITA;907;843;1786;181100
1265;220504;SAN MARTIN;LAMAS;CAYNARACHI;773;765;1567;171100
1266;220505;SAN MARTIN;LAMAS;CU헷MBUQUI;260;259;417;58700
1267;220506;SAN MARTIN;LAMAS;PINTO RECODO;1171;1161;2392;245200
1268;220507;SAN MARTIN;LAMAS;RUMISAPA;429;421;687;97700
1269;220508;SAN MARTIN;LAMAS;SAN ROQUE DE CUMBAZA;236;237;416;49700
1270;220509;SAN MARTIN;LAMAS;SHANAO;269;262;518;58300
1271;220510;SAN MARTIN;LAMAS;TABALOSOS;1652;1621;3055;359000
1272;220511;SAN MARTIN;LAMAS;ZAPATERO;781;776;1430;176200
1273;220602;SAN MARTIN;MARISCAL CACERES;CAMPANILLA;422;415;755;81500
1274;220603;SAN MARTIN;MARISCAL CACERES;HUICUNGO;363;364;781;72100
1275;220605;SAN MARTIN;MARISCAL CACERES;PAJARILLO;262;259;484;50100
1276;220701;SAN MARTIN;PICOTA;PICOTA;275;259;468;51700
1277;220702;SAN MARTIN;PICOTA;BUENOS AIRES;435;427;796;90700
1278;220704;SAN MARTIN;PICOTA;PILLUANA;66;67;138;13400
1279;220706;SAN MARTIN;PICOTA;SAN CRISTOBAL;70;63;139;12500
1280;220708;SAN MARTIN;PICOTA;SHAMBOYACU;1144;1094;2514;245999.87
1281;220709;SAN MARTIN;PICOTA;TINGO DE PONASA;647;624;1172;140300
1282;220710;SAN MARTIN;PICOTA;TRES UNIDOS;556;556;1013;121400
1283;220802;SAN MARTIN;RIOJA;AWAJUN;707;650;1488;150300
1284;220803;SAN MARTIN;RIOJA;ELIAS SOPLIN VARGAS;783;743;1904;146699.93
1285;220804;SAN MARTIN;RIOJA;NUEVA CAJAMARCA;1266;1241;2269;246500
1286;220805;SAN MARTIN;RIOJA;PARDO MIGUEL;793;797;1578;158500
1287;220806;SAN MARTIN;RIOJA;POSIC;88;86;194;17200
1288;220809;SAN MARTIN;RIOJA;YURACYACU;211;216;386;43100
1289;220902;SAN MARTIN;SAN MARTIN;ALBERTO LEVEAU;37;38;57;7600
1290;220904;SAN MARTIN;SAN MARTIN;CHAZUTA;1083;1061;2524;223600
1291;220905;SAN MARTIN;SAN MARTIN;CHIPURANA;327;328;760;71900
1292;220906;SAN MARTIN;SAN MARTIN;EL PORVENIR;287;288;591;63000
1293;220907;SAN MARTIN;SAN MARTIN;HUIMBAYOC;621;612;1594;125200
1294;220908;SAN MARTIN;SAN MARTIN;JUAN GUERRA;278;258;458;54300
1295;220911;SAN MARTIN;SAN MARTIN;PAPAPLAYA;301;301;693;63300
1296;220912;SAN MARTIN;SAN MARTIN;SAN ANTONIO;172;169;267;36500
1297;220913;SAN MARTIN;SAN MARTIN;SAUCE;761;738;1445;158500
1298;220914;SAN MARTIN;SAN MARTIN;SHAPAJA;118;120;223;23900
1299;221003;SAN MARTIN;TOCACHE;POLVORA;1128;1053;2066;229900
1300;221004;SAN MARTIN;TOCACHE;SHUNTE;252;232;492;47900
1301;221005;SAN MARTIN;TOCACHE;UCHIZA;134;126;234;28600
1302;230107;TACNA;TACNA;PALCA;112;103;192;23300
1303;230201;TACNA;CANDARAVE;CANDARAVE;238;244;404;50500
1304;230205;TACNA;CANDARAVE;HUANUARA;44;35;72;7200
1305;230206;TACNA;CANDARAVE;QUILAHUANI;92;85;155;17200
1306;230401;TACNA;TARATA;TARATA;309;320;517;65700
1307;230402;TACNA;TARATA;HROES DE ALBARRAC펥;16;15;24;3000
1308;230403;TACNA;TARATA;ESTIQUE;13;13;18;2800
1309;230405;TACNA;TARATA;SITAJARA;14;15;22;3700
1310;230406;TACNA;TARATA;SUSAPAYA;36;35;51;8600
1311;230408;TACNA;TARATA;TICACO;74;71;138;14300
1312;250101;UCAYALI;CORONEL PORTILLO;CALLERIA;142;114;446;25299.97
1313;250102;UCAYALI;CORONEL PORTILLO;CAMPOVERDE;10;10;19;2300
1314;250103;UCAYALI;CORONEL PORTILLO;IPARIA;788;720;2144;143842.52
1315;250104;UCAYALI;CORONEL PORTILLO;MASISEA;479;455;1385;96371.81
1316;250105;UCAYALI;CORONEL PORTILLO;YARINACOCHA;372;320;923;67700
1317;250106;UCAYALI;CORONEL PORTILLO;NUEVA REQUENA;71;66;202;19900
1318;250107;UCAYALI;CORONEL PORTILLO;MANANTAY;43;28;130;7800
1319;250201;UCAYALI;ATALAYA;RAYMONDI;1096;1056;3083;245274.02
1320;250202;UCAYALI;ATALAYA;SEPAHUA;629;589;1450;123800
1321;250203;UCAYALI;ATALAYA;TAHUANIA;1040;999;2822;230900
1322;250204;UCAYALI;ATALAYA;YURUA;116;111;330;22300
1323;250301;UCAYALI;PADRE ABAD;PADRE ABAD;303;295;787;65800
1324;250302;UCAYALI;PADRE ABAD;IRAZOLA;70;70;188;19400
1325;250401;UCAYALI;PURUS;PURUS;366;342;911;73400